ISO-10303-21;
HEADER;
/* Generated by software containing ST-Developer
 * from STEP Tools, Inc. (www.steptools.com) 
 */

FILE_DESCRIPTION(
/* description */ (''),
/* implementation_level */ '2;1');

FILE_NAME(
/* name */ 'inktime_v6.step',
/* time_stamp */ '2026-04-11T02:21:14+03:00',
/* author */ (''),
/* organization */ (''),
/* preprocessor_version */ 'ST-DEVELOPER v20.1',
/* originating_system */ 'Autodesk Translation Framework v14.24.0.0',
/* authorisation */ '');

FILE_SCHEMA (('AUTOMOTIVE_DESIGN { 1 0 10303 214 3 1 1 }'));
ENDSEC;

DATA;
#10=MECHANICAL_DESIGN_GEOMETRIC_PRESENTATION_REPRESENTATION('',(#59,#60,
#61,#62,#63,#64,#65,#66,#67,#68,#69,#70,#71,#72,#73,#74,#75,#76,#77,#78,
#79,#80,#81,#82),#5129);
#11=ITEM_DEFINED_TRANSFORMATION($,$,#3135,#3388);
#12=ITEM_DEFINED_TRANSFORMATION($,$,#3225,#3389);
#13=ITEM_DEFINED_TRANSFORMATION($,$,#3238,#3390);
#14=ITEM_DEFINED_TRANSFORMATION($,$,#3251,#3391);
#15=ITEM_DEFINED_TRANSFORMATION($,$,#3334,#3392);
#16=ITEM_DEFINED_TRANSFORMATION($,$,#3347,#3393);
#17=ITEM_DEFINED_TRANSFORMATION($,$,#3366,#3394);
#18=ITEM_DEFINED_TRANSFORMATION($,$,#3372,#3395);
#19=(
REPRESENTATION_RELATIONSHIP($,$,#5161,#5160)
REPRESENTATION_RELATIONSHIP_WITH_TRANSFORMATION(#11)
SHAPE_REPRESENTATION_RELATIONSHIP()
);
#20=(
REPRESENTATION_RELATIONSHIP($,$,#5162,#5160)
REPRESENTATION_RELATIONSHIP_WITH_TRANSFORMATION(#12)
SHAPE_REPRESENTATION_RELATIONSHIP()
);
#21=(
REPRESENTATION_RELATIONSHIP($,$,#5163,#5160)
REPRESENTATION_RELATIONSHIP_WITH_TRANSFORMATION(#13)
SHAPE_REPRESENTATION_RELATIONSHIP()
);
#22=(
REPRESENTATION_RELATIONSHIP($,$,#5164,#5160)
REPRESENTATION_RELATIONSHIP_WITH_TRANSFORMATION(#14)
SHAPE_REPRESENTATION_RELATIONSHIP()
);
#23=(
REPRESENTATION_RELATIONSHIP($,$,#5165,#5160)
REPRESENTATION_RELATIONSHIP_WITH_TRANSFORMATION(#15)
SHAPE_REPRESENTATION_RELATIONSHIP()
);
#24=(
REPRESENTATION_RELATIONSHIP($,$,#5166,#5160)
REPRESENTATION_RELATIONSHIP_WITH_TRANSFORMATION(#16)
SHAPE_REPRESENTATION_RELATIONSHIP()
);
#25=(
REPRESENTATION_RELATIONSHIP($,$,#5167,#5160)
REPRESENTATION_RELATIONSHIP_WITH_TRANSFORMATION(#17)
SHAPE_REPRESENTATION_RELATIONSHIP()
);
#26=(
REPRESENTATION_RELATIONSHIP($,$,#5168,#5160)
REPRESENTATION_RELATIONSHIP_WITH_TRANSFORMATION(#18)
SHAPE_REPRESENTATION_RELATIONSHIP()
);
#27=CONTEXT_DEPENDENT_SHAPE_REPRESENTATION(#19,#5152);
#28=CONTEXT_DEPENDENT_SHAPE_REPRESENTATION(#20,#5153);
#29=CONTEXT_DEPENDENT_SHAPE_REPRESENTATION(#21,#5154);
#30=CONTEXT_DEPENDENT_SHAPE_REPRESENTATION(#22,#5155);
#31=CONTEXT_DEPENDENT_SHAPE_REPRESENTATION(#23,#5156);
#32=CONTEXT_DEPENDENT_SHAPE_REPRESENTATION(#24,#5157);
#33=CONTEXT_DEPENDENT_SHAPE_REPRESENTATION(#25,#5158);
#34=CONTEXT_DEPENDENT_SHAPE_REPRESENTATION(#26,#5159);
#35=NEXT_ASSEMBLY_USAGE_OCCURRENCE('InkTime_Case:1','InkTime_Case:1',
'InkTime_Case:1',#5170,#5171,'InkTime_Case:1');
#36=NEXT_ASSEMBLY_USAGE_OCCURRENCE('Lug_Left:1','Lug_Left:1',
'Lug_Left:1',#5170,#5172,'Lug_Left:1');
#37=NEXT_ASSEMBLY_USAGE_OCCURRENCE('Lug_Right:1','Lug_Right:1',
'Lug_Right:1',#5170,#5173,'Lug_Right:1');
#38=NEXT_ASSEMBLY_USAGE_OCCURRENCE('InkTime_PCB:1','InkTime_PCB:1',
'InkTime_PCB:1',#5170,#5174,'InkTime_PCB:1');
#39=NEXT_ASSEMBLY_USAGE_OCCURRENCE('InkTime_EPaper:1',
'InkTime_EPaper:1','InkTime_EPaper:1',#5170,#5175,'InkTime_EPaper:1');
#40=NEXT_ASSEMBLY_USAGE_OCCURRENCE('InkTime_Battery:1',
'InkTime_Battery:1','InkTime_Battery:1',#5170,#5176,'InkTime_Battery:1');
#41=NEXT_ASSEMBLY_USAGE_OCCURRENCE('InkTime_Motor:1','InkTime_Motor:1',
'InkTime_Motor:1',#5170,#5177,'InkTime_Motor:1');
#42=NEXT_ASSEMBLY_USAGE_OCCURRENCE('InkTime_Buttons:1',
'InkTime_Buttons:1','InkTime_Buttons:1',#5170,#5178,'InkTime_Buttons:1');
#43=SHAPE_REPRESENTATION_RELATIONSHIP('SRR','None',#5161,#51);
#44=SHAPE_REPRESENTATION_RELATIONSHIP('SRR','None',#5162,#52);
#45=SHAPE_REPRESENTATION_RELATIONSHIP('SRR','None',#5163,#53);
#46=SHAPE_REPRESENTATION_RELATIONSHIP('SRR','None',#5164,#54);
#47=SHAPE_REPRESENTATION_RELATIONSHIP('SRR','None',#5165,#55);
#48=SHAPE_REPRESENTATION_RELATIONSHIP('SRR','None',#5166,#56);
#49=SHAPE_REPRESENTATION_RELATIONSHIP('SRR','None',#5167,#57);
#50=SHAPE_REPRESENTATION_RELATIONSHIP('SRR','None',#5168,#58);
#51=ADVANCED_BREP_SHAPE_REPRESENTATION('',(#83,#84),#5121);
#52=ADVANCED_BREP_SHAPE_REPRESENTATION('',(#85,#86),#5122);
#53=ADVANCED_BREP_SHAPE_REPRESENTATION('',(#87,#88),#5123);
#54=ADVANCED_BREP_SHAPE_REPRESENTATION('',(#89,#90,#91,#92,#93,#94,#95,
#96,#97,#98,#99),#5124);
#55=ADVANCED_BREP_SHAPE_REPRESENTATION('',(#100,#101),#5125);
#56=ADVANCED_BREP_SHAPE_REPRESENTATION('',(#102),#5126);
#57=ADVANCED_BREP_SHAPE_REPRESENTATION('',(#103),#5127);
#58=ADVANCED_BREP_SHAPE_REPRESENTATION('',(#104,#105,#106),#5128);
#59=STYLED_ITEM('',(#5210),#83);
#60=STYLED_ITEM('',(#5210),#84);
#61=STYLED_ITEM('',(#5211),#85);
#62=STYLED_ITEM('',(#5211),#86);
#63=STYLED_ITEM('',(#5211),#87);
#64=STYLED_ITEM('',(#5211),#88);
#65=STYLED_ITEM('',(#5212),#89);
#66=STYLED_ITEM('',(#5213),#90);
#67=STYLED_ITEM('',(#5213),#91);
#68=STYLED_ITEM('',(#5213),#92);
#69=STYLED_ITEM('',(#5213),#93);
#70=STYLED_ITEM('',(#5213),#94);
#71=STYLED_ITEM('',(#5213),#95);
#72=STYLED_ITEM('',(#5213),#96);
#73=STYLED_ITEM('',(#5213),#97);
#74=STYLED_ITEM('',(#5213),#98);
#75=STYLED_ITEM('',(#5213),#99);
#76=STYLED_ITEM('',(#5214),#100);
#77=STYLED_ITEM('',(#5215),#101);
#78=STYLED_ITEM('',(#5216),#102);
#79=STYLED_ITEM('',(#5217),#103);
#80=STYLED_ITEM('',(#5218),#104);
#81=STYLED_ITEM('',(#5218),#105);
#82=STYLED_ITEM('',(#5218),#106);
#83=MANIFOLD_SOLID_BREP('Case',#3021);
#84=MANIFOLD_SOLID_BREP('Bezel',#3022);
#85=MANIFOLD_SOLID_BREP('Body1',#3023);
#86=MANIFOLD_SOLID_BREP('Body2',#3024);
#87=MANIFOLD_SOLID_BREP('Body1',#3025);
#88=MANIFOLD_SOLID_BREP('Body2',#3026);
#89=MANIFOLD_SOLID_BREP('PCB_FR4',#3027);
#90=MANIFOLD_SOLID_BREP('nRF52840',#3028);
#91=MANIFOLD_SOLID_BREP('BQ25180',#3029);
#92=MANIFOLD_SOLID_BREP('RT6160',#3030);
#93=MANIFOLD_SOLID_BREP('ANT1',#3031);
#94=MANIFOLD_SOLID_BREP('SMD_C1',#3032);
#95=MANIFOLD_SOLID_BREP('SMD_C2',#3033);
#96=MANIFOLD_SOLID_BREP('SMD_R1',#3034);
#97=MANIFOLD_SOLID_BREP('SMD_L3',#3035);
#98=MANIFOLD_SOLID_BREP('SMD_IC3',#3036);
#99=MANIFOLD_SOLID_BREP('SMD_C3',#3037);
#100=MANIFOLD_SOLID_BREP('EPaper_PCB',#3038);
#101=MANIFOLD_SOLID_BREP('EPaper_Screen',#3039);
#102=MANIFOLD_SOLID_BREP('LiPo_Pouch',#3040);
#103=MANIFOLD_SOLID_BREP('Motor',#3041);
#104=MANIFOLD_SOLID_BREP('SW_ENT',#3042);
#105=MANIFOLD_SOLID_BREP('SW_DN',#3043);
#106=MANIFOLD_SOLID_BREP('SW_UP',#3044);
#107=FACE_BOUND('',#455,.T.);
#108=FACE_BOUND('',#461,.T.);
#109=FACE_BOUND('',#471,.T.);
#110=FACE_BOUND('',#493,.T.);
#111=FACE_BOUND('',#495,.T.);
#112=PLANE('',#3139);
#113=PLANE('',#3143);
#114=PLANE('',#3147);
#115=PLANE('',#3151);
#116=PLANE('',#3152);
#117=PLANE('',#3153);
#118=PLANE('',#3154);
#119=PLANE('',#3155);
#120=PLANE('',#3156);
#121=PLANE('',#3165);
#122=PLANE('',#3168);
#123=PLANE('',#3171);
#124=PLANE('',#3174);
#125=PLANE('',#3177);
#126=PLANE('',#3178);
#127=PLANE('',#3181);
#128=PLANE('',#3184);
#129=PLANE('',#3187);
#130=PLANE('',#3190);
#131=PLANE('',#3191);
#132=PLANE('',#3195);
#133=PLANE('',#3199);
#134=PLANE('',#3203);
#135=PLANE('',#3207);
#136=PLANE('',#3211);
#137=PLANE('',#3215);
#138=PLANE('',#3219);
#139=PLANE('',#3223);
#140=PLANE('',#3224);
#141=PLANE('',#3226);
#142=PLANE('',#3227);
#143=PLANE('',#3228);
#144=PLANE('',#3229);
#145=PLANE('',#3230);
#146=PLANE('',#3231);
#147=PLANE('',#3232);
#148=PLANE('',#3233);
#149=PLANE('',#3234);
#150=PLANE('',#3235);
#151=PLANE('',#3236);
#152=PLANE('',#3237);
#153=PLANE('',#3239);
#154=PLANE('',#3240);
#155=PLANE('',#3241);
#156=PLANE('',#3242);
#157=PLANE('',#3243);
#158=PLANE('',#3244);
#159=PLANE('',#3245);
#160=PLANE('',#3246);
#161=PLANE('',#3247);
#162=PLANE('',#3248);
#163=PLANE('',#3249);
#164=PLANE('',#3250);
#165=PLANE('',#3252);
#166=PLANE('',#3253);
#167=PLANE('',#3254);
#168=PLANE('',#3255);
#169=PLANE('',#3260);
#170=PLANE('',#3261);
#171=PLANE('',#3264);
#172=PLANE('',#3267);
#173=PLANE('',#3270);
#174=PLANE('',#3273);
#175=PLANE('',#3274);
#176=PLANE('',#3275);
#177=PLANE('',#3276);
#178=PLANE('',#3277);
#179=PLANE('',#3278);
#180=PLANE('',#3279);
#181=PLANE('',#3280);
#182=PLANE('',#3281);
#183=PLANE('',#3282);
#184=PLANE('',#3283);
#185=PLANE('',#3284);
#186=PLANE('',#3285);
#187=PLANE('',#3286);
#188=PLANE('',#3287);
#189=PLANE('',#3288);
#190=PLANE('',#3289);
#191=PLANE('',#3290);
#192=PLANE('',#3291);
#193=PLANE('',#3292);
#194=PLANE('',#3293);
#195=PLANE('',#3294);
#196=PLANE('',#3295);
#197=PLANE('',#3296);
#198=PLANE('',#3297);
#199=PLANE('',#3298);
#200=PLANE('',#3299);
#201=PLANE('',#3300);
#202=PLANE('',#3301);
#203=PLANE('',#3302);
#204=PLANE('',#3303);
#205=PLANE('',#3304);
#206=PLANE('',#3305);
#207=PLANE('',#3306);
#208=PLANE('',#3307);
#209=PLANE('',#3308);
#210=PLANE('',#3309);
#211=PLANE('',#3310);
#212=PLANE('',#3311);
#213=PLANE('',#3312);
#214=PLANE('',#3313);
#215=PLANE('',#3314);
#216=PLANE('',#3315);
#217=PLANE('',#3316);
#218=PLANE('',#3317);
#219=PLANE('',#3318);
#220=PLANE('',#3319);
#221=PLANE('',#3320);
#222=PLANE('',#3321);
#223=PLANE('',#3322);
#224=PLANE('',#3323);
#225=PLANE('',#3324);
#226=PLANE('',#3325);
#227=PLANE('',#3326);
#228=PLANE('',#3327);
#229=PLANE('',#3328);
#230=PLANE('',#3329);
#231=PLANE('',#3330);
#232=PLANE('',#3331);
#233=PLANE('',#3332);
#234=PLANE('',#3333);
#235=PLANE('',#3335);
#236=PLANE('',#3336);
#237=PLANE('',#3337);
#238=PLANE('',#3338);
#239=PLANE('',#3339);
#240=PLANE('',#3340);
#241=PLANE('',#3341);
#242=PLANE('',#3342);
#243=PLANE('',#3343);
#244=PLANE('',#3344);
#245=PLANE('',#3345);
#246=PLANE('',#3346);
#247=PLANE('',#3348);
#248=PLANE('',#3352);
#249=PLANE('',#3356);
#250=PLANE('',#3360);
#251=PLANE('',#3364);
#252=PLANE('',#3365);
#253=PLANE('',#3370);
#254=PLANE('',#3371);
#255=PLANE('',#3376);
#256=PLANE('',#3377);
#257=PLANE('',#3381);
#258=PLANE('',#3382);
#259=PLANE('',#3386);
#260=PLANE('',#3387);
#261=FACE_OUTER_BOUND('',#442,.T.);
#262=FACE_OUTER_BOUND('',#443,.T.);
#263=FACE_OUTER_BOUND('',#444,.T.);
#264=FACE_OUTER_BOUND('',#445,.T.);
#265=FACE_OUTER_BOUND('',#446,.T.);
#266=FACE_OUTER_BOUND('',#447,.T.);
#267=FACE_OUTER_BOUND('',#448,.T.);
#268=FACE_OUTER_BOUND('',#449,.T.);
#269=FACE_OUTER_BOUND('',#450,.T.);
#270=FACE_OUTER_BOUND('',#451,.T.);
#271=FACE_OUTER_BOUND('',#452,.T.);
#272=FACE_OUTER_BOUND('',#453,.T.);
#273=FACE_OUTER_BOUND('',#454,.T.);
#274=FACE_OUTER_BOUND('',#456,.T.);
#275=FACE_OUTER_BOUND('',#457,.T.);
#276=FACE_OUTER_BOUND('',#458,.T.);
#277=FACE_OUTER_BOUND('',#459,.T.);
#278=FACE_OUTER_BOUND('',#460,.T.);
#279=FACE_OUTER_BOUND('',#462,.T.);
#280=FACE_OUTER_BOUND('',#463,.T.);
#281=FACE_OUTER_BOUND('',#464,.T.);
#282=FACE_OUTER_BOUND('',#465,.T.);
#283=FACE_OUTER_BOUND('',#466,.T.);
#284=FACE_OUTER_BOUND('',#467,.T.);
#285=FACE_OUTER_BOUND('',#468,.T.);
#286=FACE_OUTER_BOUND('',#469,.T.);
#287=FACE_OUTER_BOUND('',#470,.T.);
#288=FACE_OUTER_BOUND('',#472,.T.);
#289=FACE_OUTER_BOUND('',#473,.T.);
#290=FACE_OUTER_BOUND('',#474,.T.);
#291=FACE_OUTER_BOUND('',#475,.T.);
#292=FACE_OUTER_BOUND('',#476,.T.);
#293=FACE_OUTER_BOUND('',#477,.T.);
#294=FACE_OUTER_BOUND('',#478,.T.);
#295=FACE_OUTER_BOUND('',#479,.T.);
#296=FACE_OUTER_BOUND('',#480,.T.);
#297=FACE_OUTER_BOUND('',#481,.T.);
#298=FACE_OUTER_BOUND('',#482,.T.);
#299=FACE_OUTER_BOUND('',#483,.T.);
#300=FACE_OUTER_BOUND('',#484,.T.);
#301=FACE_OUTER_BOUND('',#485,.T.);
#302=FACE_OUTER_BOUND('',#486,.T.);
#303=FACE_OUTER_BOUND('',#487,.T.);
#304=FACE_OUTER_BOUND('',#488,.T.);
#305=FACE_OUTER_BOUND('',#489,.T.);
#306=FACE_OUTER_BOUND('',#490,.T.);
#307=FACE_OUTER_BOUND('',#491,.T.);
#308=FACE_OUTER_BOUND('',#492,.T.);
#309=FACE_OUTER_BOUND('',#494,.T.);
#310=FACE_OUTER_BOUND('',#496,.T.);
#311=FACE_OUTER_BOUND('',#497,.T.);
#312=FACE_OUTER_BOUND('',#498,.T.);
#313=FACE_OUTER_BOUND('',#499,.T.);
#314=FACE_OUTER_BOUND('',#500,.T.);
#315=FACE_OUTER_BOUND('',#501,.T.);
#316=FACE_OUTER_BOUND('',#502,.T.);
#317=FACE_OUTER_BOUND('',#503,.T.);
#318=FACE_OUTER_BOUND('',#504,.T.);
#319=FACE_OUTER_BOUND('',#505,.T.);
#320=FACE_OUTER_BOUND('',#506,.T.);
#321=FACE_OUTER_BOUND('',#507,.T.);
#322=FACE_OUTER_BOUND('',#508,.T.);
#323=FACE_OUTER_BOUND('',#509,.T.);
#324=FACE_OUTER_BOUND('',#510,.T.);
#325=FACE_OUTER_BOUND('',#511,.T.);
#326=FACE_OUTER_BOUND('',#512,.T.);
#327=FACE_OUTER_BOUND('',#513,.T.);
#328=FACE_OUTER_BOUND('',#514,.T.);
#329=FACE_OUTER_BOUND('',#515,.T.);
#330=FACE_OUTER_BOUND('',#516,.T.);
#331=FACE_OUTER_BOUND('',#517,.T.);
#332=FACE_OUTER_BOUND('',#518,.T.);
#333=FACE_OUTER_BOUND('',#519,.T.);
#334=FACE_OUTER_BOUND('',#520,.T.);
#335=FACE_OUTER_BOUND('',#521,.T.);
#336=FACE_OUTER_BOUND('',#522,.T.);
#337=FACE_OUTER_BOUND('',#523,.T.);
#338=FACE_OUTER_BOUND('',#524,.T.);
#339=FACE_OUTER_BOUND('',#525,.T.);
#340=FACE_OUTER_BOUND('',#526,.T.);
#341=FACE_OUTER_BOUND('',#527,.T.);
#342=FACE_OUTER_BOUND('',#528,.T.);
#343=FACE_OUTER_BOUND('',#529,.T.);
#344=FACE_OUTER_BOUND('',#530,.T.);
#345=FACE_OUTER_BOUND('',#531,.T.);
#346=FACE_OUTER_BOUND('',#532,.T.);
#347=FACE_OUTER_BOUND('',#533,.T.);
#348=FACE_OUTER_BOUND('',#534,.T.);
#349=FACE_OUTER_BOUND('',#535,.T.);
#350=FACE_OUTER_BOUND('',#536,.T.);
#351=FACE_OUTER_BOUND('',#537,.T.);
#352=FACE_OUTER_BOUND('',#538,.T.);
#353=FACE_OUTER_BOUND('',#539,.T.);
#354=FACE_OUTER_BOUND('',#540,.T.);
#355=FACE_OUTER_BOUND('',#541,.T.);
#356=FACE_OUTER_BOUND('',#542,.T.);
#357=FACE_OUTER_BOUND('',#543,.T.);
#358=FACE_OUTER_BOUND('',#544,.T.);
#359=FACE_OUTER_BOUND('',#545,.T.);
#360=FACE_OUTER_BOUND('',#546,.T.);
#361=FACE_OUTER_BOUND('',#547,.T.);
#362=FACE_OUTER_BOUND('',#548,.T.);
#363=FACE_OUTER_BOUND('',#549,.T.);
#364=FACE_OUTER_BOUND('',#550,.T.);
#365=FACE_OUTER_BOUND('',#551,.T.);
#366=FACE_OUTER_BOUND('',#552,.T.);
#367=FACE_OUTER_BOUND('',#553,.T.);
#368=FACE_OUTER_BOUND('',#554,.T.);
#369=FACE_OUTER_BOUND('',#555,.T.);
#370=FACE_OUTER_BOUND('',#556,.T.);
#371=FACE_OUTER_BOUND('',#557,.T.);
#372=FACE_OUTER_BOUND('',#558,.T.);
#373=FACE_OUTER_BOUND('',#559,.T.);
#374=FACE_OUTER_BOUND('',#560,.T.);
#375=FACE_OUTER_BOUND('',#561,.T.);
#376=FACE_OUTER_BOUND('',#562,.T.);
#377=FACE_OUTER_BOUND('',#563,.T.);
#378=FACE_OUTER_BOUND('',#564,.T.);
#379=FACE_OUTER_BOUND('',#565,.T.);
#380=FACE_OUTER_BOUND('',#566,.T.);
#381=FACE_OUTER_BOUND('',#567,.T.);
#382=FACE_OUTER_BOUND('',#568,.T.);
#383=FACE_OUTER_BOUND('',#569,.T.);
#384=FACE_OUTER_BOUND('',#570,.T.);
#385=FACE_OUTER_BOUND('',#571,.T.);
#386=FACE_OUTER_BOUND('',#572,.T.);
#387=FACE_OUTER_BOUND('',#573,.T.);
#388=FACE_OUTER_BOUND('',#574,.T.);
#389=FACE_OUTER_BOUND('',#575,.T.);
#390=FACE_OUTER_BOUND('',#576,.T.);
#391=FACE_OUTER_BOUND('',#577,.T.);
#392=FACE_OUTER_BOUND('',#578,.T.);
#393=FACE_OUTER_BOUND('',#579,.T.);
#394=FACE_OUTER_BOUND('',#580,.T.);
#395=FACE_OUTER_BOUND('',#581,.T.);
#396=FACE_OUTER_BOUND('',#582,.T.);
#397=FACE_OUTER_BOUND('',#583,.T.);
#398=FACE_OUTER_BOUND('',#584,.T.);
#399=FACE_OUTER_BOUND('',#585,.T.);
#400=FACE_OUTER_BOUND('',#586,.T.);
#401=FACE_OUTER_BOUND('',#587,.T.);
#402=FACE_OUTER_BOUND('',#588,.T.);
#403=FACE_OUTER_BOUND('',#589,.T.);
#404=FACE_OUTER_BOUND('',#590,.T.);
#405=FACE_OUTER_BOUND('',#591,.T.);
#406=FACE_OUTER_BOUND('',#592,.T.);
#407=FACE_OUTER_BOUND('',#593,.T.);
#408=FACE_OUTER_BOUND('',#594,.T.);
#409=FACE_OUTER_BOUND('',#595,.T.);
#410=FACE_OUTER_BOUND('',#596,.T.);
#411=FACE_OUTER_BOUND('',#597,.T.);
#412=FACE_OUTER_BOUND('',#598,.T.);
#413=FACE_OUTER_BOUND('',#599,.T.);
#414=FACE_OUTER_BOUND('',#600,.T.);
#415=FACE_OUTER_BOUND('',#601,.T.);
#416=FACE_OUTER_BOUND('',#602,.T.);
#417=FACE_OUTER_BOUND('',#603,.T.);
#418=FACE_OUTER_BOUND('',#604,.T.);
#419=FACE_OUTER_BOUND('',#605,.T.);
#420=FACE_OUTER_BOUND('',#606,.T.);
#421=FACE_OUTER_BOUND('',#607,.T.);
#422=FACE_OUTER_BOUND('',#608,.T.);
#423=FACE_OUTER_BOUND('',#609,.T.);
#424=FACE_OUTER_BOUND('',#610,.T.);
#425=FACE_OUTER_BOUND('',#611,.T.);
#426=FACE_OUTER_BOUND('',#612,.T.);
#427=FACE_OUTER_BOUND('',#613,.T.);
#428=FACE_OUTER_BOUND('',#614,.T.);
#429=FACE_OUTER_BOUND('',#615,.T.);
#430=FACE_OUTER_BOUND('',#616,.T.);
#431=FACE_OUTER_BOUND('',#617,.T.);
#432=FACE_OUTER_BOUND('',#618,.T.);
#433=FACE_OUTER_BOUND('',#619,.T.);
#434=FACE_OUTER_BOUND('',#620,.T.);
#435=FACE_OUTER_BOUND('',#621,.T.);
#436=FACE_OUTER_BOUND('',#622,.T.);
#437=FACE_OUTER_BOUND('',#623,.T.);
#438=FACE_OUTER_BOUND('',#624,.T.);
#439=FACE_OUTER_BOUND('',#625,.T.);
#440=FACE_OUTER_BOUND('',#626,.T.);
#441=FACE_OUTER_BOUND('',#627,.T.);
#442=EDGE_LOOP('',(#2016,#2017,#2018,#2019));
#443=EDGE_LOOP('',(#2020,#2021,#2022,#2023));
#444=EDGE_LOOP('',(#2024,#2025,#2026,#2027));
#445=EDGE_LOOP('',(#2028,#2029,#2030,#2031));
#446=EDGE_LOOP('',(#2032,#2033,#2034,#2035));
#447=EDGE_LOOP('',(#2036,#2037,#2038,#2039));
#448=EDGE_LOOP('',(#2040,#2041,#2042,#2043));
#449=EDGE_LOOP('',(#2044,#2045,#2046,#2047));
#450=EDGE_LOOP('',(#2048,#2049,#2050,#2051));
#451=EDGE_LOOP('',(#2052,#2053,#2054,#2055));
#452=EDGE_LOOP('',(#2056,#2057,#2058,#2059));
#453=EDGE_LOOP('',(#2060,#2061,#2062,#2063));
#454=EDGE_LOOP('',(#2064,#2065,#2066,#2067,#2068,#2069,#2070,#2071));
#455=EDGE_LOOP('',(#2072,#2073,#2074,#2075,#2076,#2077,#2078,#2079,#2080,
#2081,#2082,#2083));
#456=EDGE_LOOP('',(#2084,#2085,#2086,#2087));
#457=EDGE_LOOP('',(#2088,#2089,#2090,#2091));
#458=EDGE_LOOP('',(#2092,#2093,#2094,#2095));
#459=EDGE_LOOP('',(#2096,#2097,#2098,#2099));
#460=EDGE_LOOP('',(#2100,#2101,#2102,#2103));
#461=EDGE_LOOP('',(#2104,#2105,#2106,#2107,#2108,#2109,#2110,#2111));
#462=EDGE_LOOP('',(#2112,#2113,#2114,#2115));
#463=EDGE_LOOP('',(#2116,#2117,#2118,#2119,#2120,#2121,#2122,#2123));
#464=EDGE_LOOP('',(#2124,#2125,#2126,#2127));
#465=EDGE_LOOP('',(#2128,#2129,#2130,#2131,#2132,#2133,#2134,#2135));
#466=EDGE_LOOP('',(#2136,#2137,#2138,#2139));
#467=EDGE_LOOP('',(#2140,#2141,#2142,#2143));
#468=EDGE_LOOP('',(#2144,#2145,#2146,#2147));
#469=EDGE_LOOP('',(#2148,#2149,#2150,#2151));
#470=EDGE_LOOP('',(#2152,#2153,#2154,#2155));
#471=EDGE_LOOP('',(#2156,#2157,#2158,#2159,#2160,#2161,#2162,#2163));
#472=EDGE_LOOP('',(#2164,#2165,#2166,#2167));
#473=EDGE_LOOP('',(#2168,#2169,#2170,#2171));
#474=EDGE_LOOP('',(#2172,#2173,#2174,#2175));
#475=EDGE_LOOP('',(#2176,#2177,#2178,#2179,#2180,#2181,#2182,#2183));
#476=EDGE_LOOP('',(#2184,#2185,#2186,#2187));
#477=EDGE_LOOP('',(#2188,#2189,#2190,#2191));
#478=EDGE_LOOP('',(#2192,#2193,#2194,#2195));
#479=EDGE_LOOP('',(#2196,#2197,#2198,#2199));
#480=EDGE_LOOP('',(#2200,#2201,#2202,#2203));
#481=EDGE_LOOP('',(#2204,#2205,#2206,#2207));
#482=EDGE_LOOP('',(#2208,#2209,#2210,#2211));
#483=EDGE_LOOP('',(#2212,#2213,#2214,#2215));
#484=EDGE_LOOP('',(#2216,#2217,#2218,#2219));
#485=EDGE_LOOP('',(#2220,#2221,#2222,#2223));
#486=EDGE_LOOP('',(#2224,#2225,#2226,#2227));
#487=EDGE_LOOP('',(#2228,#2229,#2230,#2231));
#488=EDGE_LOOP('',(#2232,#2233,#2234,#2235));
#489=EDGE_LOOP('',(#2236,#2237,#2238,#2239));
#490=EDGE_LOOP('',(#2240,#2241,#2242,#2243));
#491=EDGE_LOOP('',(#2244,#2245,#2246,#2247));
#492=EDGE_LOOP('',(#2248,#2249,#2250,#2251,#2252,#2253,#2254,#2255));
#493=EDGE_LOOP('',(#2256,#2257,#2258,#2259,#2260,#2261,#2262,#2263));
#494=EDGE_LOOP('',(#2264,#2265,#2266,#2267,#2268,#2269,#2270,#2271));
#495=EDGE_LOOP('',(#2272,#2273,#2274,#2275,#2276,#2277,#2278,#2279));
#496=EDGE_LOOP('',(#2280,#2281,#2282,#2283));
#497=EDGE_LOOP('',(#2284,#2285,#2286,#2287));
#498=EDGE_LOOP('',(#2288,#2289,#2290,#2291));
#499=EDGE_LOOP('',(#2292,#2293,#2294,#2295));
#500=EDGE_LOOP('',(#2296,#2297,#2298,#2299));
#501=EDGE_LOOP('',(#2300,#2301,#2302,#2303));
#502=EDGE_LOOP('',(#2304,#2305,#2306,#2307));
#503=EDGE_LOOP('',(#2308,#2309,#2310,#2311));
#504=EDGE_LOOP('',(#2312,#2313,#2314,#2315));
#505=EDGE_LOOP('',(#2316,#2317,#2318,#2319));
#506=EDGE_LOOP('',(#2320,#2321,#2322,#2323));
#507=EDGE_LOOP('',(#2324,#2325,#2326,#2327));
#508=EDGE_LOOP('',(#2328,#2329,#2330,#2331));
#509=EDGE_LOOP('',(#2332,#2333,#2334,#2335));
#510=EDGE_LOOP('',(#2336,#2337,#2338,#2339));
#511=EDGE_LOOP('',(#2340,#2341,#2342,#2343));
#512=EDGE_LOOP('',(#2344,#2345,#2346,#2347));
#513=EDGE_LOOP('',(#2348,#2349,#2350,#2351));
#514=EDGE_LOOP('',(#2352,#2353,#2354,#2355));
#515=EDGE_LOOP('',(#2356,#2357,#2358,#2359));
#516=EDGE_LOOP('',(#2360,#2361,#2362,#2363));
#517=EDGE_LOOP('',(#2364,#2365,#2366,#2367));
#518=EDGE_LOOP('',(#2368,#2369,#2370,#2371));
#519=EDGE_LOOP('',(#2372,#2373,#2374,#2375));
#520=EDGE_LOOP('',(#2376,#2377,#2378,#2379));
#521=EDGE_LOOP('',(#2380,#2381,#2382,#2383));
#522=EDGE_LOOP('',(#2384,#2385,#2386,#2387));
#523=EDGE_LOOP('',(#2388,#2389,#2390,#2391,#2392,#2393,#2394,#2395,#2396,
#2397,#2398,#2399));
#524=EDGE_LOOP('',(#2400,#2401,#2402,#2403));
#525=EDGE_LOOP('',(#2404,#2405,#2406,#2407));
#526=EDGE_LOOP('',(#2408,#2409,#2410,#2411));
#527=EDGE_LOOP('',(#2412,#2413,#2414,#2415));
#528=EDGE_LOOP('',(#2416,#2417,#2418,#2419));
#529=EDGE_LOOP('',(#2420,#2421,#2422,#2423));
#530=EDGE_LOOP('',(#2424,#2425,#2426,#2427));
#531=EDGE_LOOP('',(#2428,#2429,#2430,#2431));
#532=EDGE_LOOP('',(#2432,#2433,#2434,#2435));
#533=EDGE_LOOP('',(#2436,#2437,#2438,#2439,#2440,#2441,#2442,#2443,#2444,
#2445,#2446,#2447));
#534=EDGE_LOOP('',(#2448,#2449,#2450,#2451));
#535=EDGE_LOOP('',(#2452,#2453,#2454,#2455));
#536=EDGE_LOOP('',(#2456,#2457,#2458,#2459));
#537=EDGE_LOOP('',(#2460,#2461,#2462,#2463));
#538=EDGE_LOOP('',(#2464,#2465,#2466,#2467));
#539=EDGE_LOOP('',(#2468,#2469,#2470,#2471));
#540=EDGE_LOOP('',(#2472,#2473,#2474,#2475));
#541=EDGE_LOOP('',(#2476,#2477,#2478,#2479));
#542=EDGE_LOOP('',(#2480,#2481,#2482,#2483));
#543=EDGE_LOOP('',(#2484,#2485,#2486,#2487));
#544=EDGE_LOOP('',(#2488,#2489,#2490,#2491));
#545=EDGE_LOOP('',(#2492,#2493,#2494,#2495));
#546=EDGE_LOOP('',(#2496,#2497,#2498,#2499));
#547=EDGE_LOOP('',(#2500,#2501,#2502,#2503));
#548=EDGE_LOOP('',(#2504,#2505,#2506,#2507));
#549=EDGE_LOOP('',(#2508,#2509,#2510,#2511));
#550=EDGE_LOOP('',(#2512,#2513,#2514,#2515));
#551=EDGE_LOOP('',(#2516,#2517,#2518,#2519));
#552=EDGE_LOOP('',(#2520,#2521,#2522,#2523));
#553=EDGE_LOOP('',(#2524,#2525,#2526,#2527));
#554=EDGE_LOOP('',(#2528,#2529,#2530,#2531));
#555=EDGE_LOOP('',(#2532,#2533,#2534,#2535));
#556=EDGE_LOOP('',(#2536,#2537,#2538,#2539));
#557=EDGE_LOOP('',(#2540,#2541,#2542,#2543));
#558=EDGE_LOOP('',(#2544,#2545,#2546,#2547));
#559=EDGE_LOOP('',(#2548,#2549,#2550,#2551));
#560=EDGE_LOOP('',(#2552,#2553,#2554,#2555));
#561=EDGE_LOOP('',(#2556,#2557,#2558,#2559));
#562=EDGE_LOOP('',(#2560,#2561,#2562,#2563));
#563=EDGE_LOOP('',(#2564,#2565,#2566,#2567));
#564=EDGE_LOOP('',(#2568,#2569,#2570,#2571));
#565=EDGE_LOOP('',(#2572,#2573,#2574,#2575));
#566=EDGE_LOOP('',(#2576,#2577,#2578,#2579));
#567=EDGE_LOOP('',(#2580,#2581,#2582,#2583));
#568=EDGE_LOOP('',(#2584,#2585,#2586,#2587));
#569=EDGE_LOOP('',(#2588,#2589,#2590,#2591));
#570=EDGE_LOOP('',(#2592,#2593,#2594,#2595));
#571=EDGE_LOOP('',(#2596,#2597,#2598,#2599));
#572=EDGE_LOOP('',(#2600,#2601,#2602,#2603));
#573=EDGE_LOOP('',(#2604,#2605,#2606,#2607));
#574=EDGE_LOOP('',(#2608,#2609,#2610,#2611));
#575=EDGE_LOOP('',(#2612,#2613,#2614,#2615));
#576=EDGE_LOOP('',(#2616,#2617,#2618,#2619));
#577=EDGE_LOOP('',(#2620,#2621,#2622,#2623));
#578=EDGE_LOOP('',(#2624,#2625,#2626,#2627));
#579=EDGE_LOOP('',(#2628,#2629,#2630,#2631));
#580=EDGE_LOOP('',(#2632,#2633,#2634,#2635));
#581=EDGE_LOOP('',(#2636,#2637,#2638,#2639));
#582=EDGE_LOOP('',(#2640,#2641,#2642,#2643));
#583=EDGE_LOOP('',(#2644,#2645,#2646,#2647));
#584=EDGE_LOOP('',(#2648,#2649,#2650,#2651));
#585=EDGE_LOOP('',(#2652,#2653,#2654,#2655));
#586=EDGE_LOOP('',(#2656,#2657,#2658,#2659));
#587=EDGE_LOOP('',(#2660,#2661,#2662,#2663));
#588=EDGE_LOOP('',(#2664,#2665,#2666,#2667));
#589=EDGE_LOOP('',(#2668,#2669,#2670,#2671));
#590=EDGE_LOOP('',(#2672,#2673,#2674,#2675));
#591=EDGE_LOOP('',(#2676,#2677,#2678,#2679));
#592=EDGE_LOOP('',(#2680,#2681,#2682,#2683));
#593=EDGE_LOOP('',(#2684,#2685,#2686,#2687));
#594=EDGE_LOOP('',(#2688,#2689,#2690,#2691));
#595=EDGE_LOOP('',(#2692,#2693,#2694,#2695));
#596=EDGE_LOOP('',(#2696,#2697,#2698,#2699));
#597=EDGE_LOOP('',(#2700,#2701,#2702,#2703));
#598=EDGE_LOOP('',(#2704,#2705,#2706,#2707));
#599=EDGE_LOOP('',(#2708,#2709,#2710,#2711));
#600=EDGE_LOOP('',(#2712,#2713,#2714,#2715));
#601=EDGE_LOOP('',(#2716,#2717,#2718,#2719));
#602=EDGE_LOOP('',(#2720,#2721,#2722,#2723));
#603=EDGE_LOOP('',(#2724,#2725,#2726,#2727));
#604=EDGE_LOOP('',(#2728,#2729,#2730,#2731));
#605=EDGE_LOOP('',(#2732,#2733,#2734,#2735));
#606=EDGE_LOOP('',(#2736,#2737,#2738,#2739));
#607=EDGE_LOOP('',(#2740,#2741,#2742,#2743));
#608=EDGE_LOOP('',(#2744,#2745,#2746,#2747));
#609=EDGE_LOOP('',(#2748,#2749,#2750,#2751));
#610=EDGE_LOOP('',(#2752,#2753,#2754,#2755));
#611=EDGE_LOOP('',(#2756,#2757,#2758,#2759));
#612=EDGE_LOOP('',(#2760,#2761,#2762,#2763));
#613=EDGE_LOOP('',(#2764,#2765,#2766,#2767));
#614=EDGE_LOOP('',(#2768,#2769,#2770,#2771,#2772,#2773,#2774,#2775));
#615=EDGE_LOOP('',(#2776,#2777,#2778,#2779,#2780,#2781,#2782,#2783));
#616=EDGE_LOOP('',(#2784,#2785,#2786,#2787));
#617=EDGE_LOOP('',(#2788));
#618=EDGE_LOOP('',(#2789));
#619=EDGE_LOOP('',(#2790,#2791,#2792,#2793));
#620=EDGE_LOOP('',(#2794));
#621=EDGE_LOOP('',(#2795));
#622=EDGE_LOOP('',(#2796,#2797,#2798,#2799));
#623=EDGE_LOOP('',(#2800));
#624=EDGE_LOOP('',(#2801));
#625=EDGE_LOOP('',(#2802,#2803,#2804,#2805));
#626=EDGE_LOOP('',(#2806));
#627=EDGE_LOOP('',(#2807));
#628=LINE('',#4259,#960);
#629=LINE('',#4262,#961);
#630=LINE('',#4265,#962);
#631=LINE('',#4267,#963);
#632=LINE('',#4268,#964);
#633=LINE('',#4273,#965);
#634=LINE('',#4277,#966);
#635=LINE('',#4279,#967);
#636=LINE('',#4280,#968);
#637=LINE('',#4285,#969);
#638=LINE('',#4289,#970);
#639=LINE('',#4291,#971);
#640=LINE('',#4292,#972);
#641=LINE('',#4297,#973);
#642=LINE('',#4300,#974);
#643=LINE('',#4301,#975);
#644=LINE('',#4305,#976);
#645=LINE('',#4307,#977);
#646=LINE('',#4309,#978);
#647=LINE('',#4310,#979);
#648=LINE('',#4314,#980);
#649=LINE('',#4316,#981);
#650=LINE('',#4318,#982);
#651=LINE('',#4319,#983);
#652=LINE('',#4321,#984);
#653=LINE('',#4322,#985);
#654=LINE('',#4324,#986);
#655=LINE('',#4330,#987);
#656=LINE('',#4334,#988);
#657=LINE('',#4338,#989);
#658=LINE('',#4341,#990);
#659=LINE('',#4343,#991);
#660=LINE('',#4347,#992);
#661=LINE('',#4351,#993);
#662=LINE('',#4355,#994);
#663=LINE('',#4358,#995);
#664=LINE('',#4361,#996);
#665=LINE('',#4363,#997);
#666=LINE('',#4364,#998);
#667=LINE('',#4367,#999);
#668=LINE('',#4371,#1000);
#669=LINE('',#4372,#1001);
#670=LINE('',#4375,#1002);
#671=LINE('',#4379,#1003);
#672=LINE('',#4380,#1004);
#673=LINE('',#4383,#1005);
#674=LINE('',#4387,#1006);
#675=LINE('',#4388,#1007);
#676=LINE('',#4394,#1008);
#677=LINE('',#4396,#1009);
#678=LINE('',#4397,#1010);
#679=LINE('',#4401,#1011);
#680=LINE('',#4404,#1012);
#681=LINE('',#4405,#1013);
#682=LINE('',#4409,#1014);
#683=LINE('',#4412,#1015);
#684=LINE('',#4413,#1016);
#685=LINE('',#4417,#1017);
#686=LINE('',#4420,#1018);
#687=LINE('',#4421,#1019);
#688=LINE('',#4428,#1020);
#689=LINE('',#4430,#1021);
#690=LINE('',#4432,#1022);
#691=LINE('',#4433,#1023);
#692=LINE('',#4439,#1024);
#693=LINE('',#4442,#1025);
#694=LINE('',#4444,#1026);
#695=LINE('',#4445,#1027);
#696=LINE('',#4451,#1028);
#697=LINE('',#4454,#1029);
#698=LINE('',#4456,#1030);
#699=LINE('',#4457,#1031);
#700=LINE('',#4463,#1032);
#701=LINE('',#4466,#1033);
#702=LINE('',#4468,#1034);
#703=LINE('',#4469,#1035);
#704=LINE('',#4476,#1036);
#705=LINE('',#4478,#1037);
#706=LINE('',#4480,#1038);
#707=LINE('',#4481,#1039);
#708=LINE('',#4487,#1040);
#709=LINE('',#4490,#1041);
#710=LINE('',#4492,#1042);
#711=LINE('',#4493,#1043);
#712=LINE('',#4499,#1044);
#713=LINE('',#4502,#1045);
#714=LINE('',#4504,#1046);
#715=LINE('',#4505,#1047);
#716=LINE('',#4511,#1048);
#717=LINE('',#4514,#1049);
#718=LINE('',#4516,#1050);
#719=LINE('',#4517,#1051);
#720=LINE('',#4527,#1052);
#721=LINE('',#4529,#1053);
#722=LINE('',#4531,#1054);
#723=LINE('',#4532,#1055);
#724=LINE('',#4535,#1056);
#725=LINE('',#4537,#1057);
#726=LINE('',#4538,#1058);
#727=LINE('',#4541,#1059);
#728=LINE('',#4543,#1060);
#729=LINE('',#4544,#1061);
#730=LINE('',#4546,#1062);
#731=LINE('',#4547,#1063);
#732=LINE('',#4553,#1064);
#733=LINE('',#4555,#1065);
#734=LINE('',#4557,#1066);
#735=LINE('',#4558,#1067);
#736=LINE('',#4561,#1068);
#737=LINE('',#4563,#1069);
#738=LINE('',#4564,#1070);
#739=LINE('',#4567,#1071);
#740=LINE('',#4569,#1072);
#741=LINE('',#4570,#1073);
#742=LINE('',#4572,#1074);
#743=LINE('',#4573,#1075);
#744=LINE('',#4580,#1076);
#745=LINE('',#4582,#1077);
#746=LINE('',#4584,#1078);
#747=LINE('',#4585,#1079);
#748=LINE('',#4588,#1080);
#749=LINE('',#4590,#1081);
#750=LINE('',#4591,#1082);
#751=LINE('',#4594,#1083);
#752=LINE('',#4596,#1084);
#753=LINE('',#4597,#1085);
#754=LINE('',#4599,#1086);
#755=LINE('',#4600,#1087);
#756=LINE('',#4606,#1088);
#757=LINE('',#4608,#1089);
#758=LINE('',#4610,#1090);
#759=LINE('',#4611,#1091);
#760=LINE('',#4614,#1092);
#761=LINE('',#4616,#1093);
#762=LINE('',#4617,#1094);
#763=LINE('',#4620,#1095);
#764=LINE('',#4622,#1096);
#765=LINE('',#4623,#1097);
#766=LINE('',#4625,#1098);
#767=LINE('',#4626,#1099);
#768=LINE('',#4633,#1100);
#769=LINE('',#4635,#1101);
#770=LINE('',#4637,#1102);
#771=LINE('',#4638,#1103);
#772=LINE('',#4641,#1104);
#773=LINE('',#4643,#1105);
#774=LINE('',#4644,#1106);
#775=LINE('',#4647,#1107);
#776=LINE('',#4649,#1108);
#777=LINE('',#4650,#1109);
#778=LINE('',#4653,#1110);
#779=LINE('',#4657,#1111);
#780=LINE('',#4661,#1112);
#781=LINE('',#4665,#1113);
#782=LINE('',#4668,#1114);
#783=LINE('',#4671,#1115);
#784=LINE('',#4672,#1116);
#785=LINE('',#4676,#1117);
#786=LINE('',#4677,#1118);
#787=LINE('',#4678,#1119);
#788=LINE('',#4682,#1120);
#789=LINE('',#4685,#1121);
#790=LINE('',#4686,#1122);
#791=LINE('',#4690,#1123);
#792=LINE('',#4693,#1124);
#793=LINE('',#4694,#1125);
#794=LINE('',#4699,#1126);
#795=LINE('',#4700,#1127);
#796=LINE('',#4707,#1128);
#797=LINE('',#4709,#1129);
#798=LINE('',#4711,#1130);
#799=LINE('',#4712,#1131);
#800=LINE('',#4715,#1132);
#801=LINE('',#4717,#1133);
#802=LINE('',#4718,#1134);
#803=LINE('',#4721,#1135);
#804=LINE('',#4723,#1136);
#805=LINE('',#4724,#1137);
#806=LINE('',#4726,#1138);
#807=LINE('',#4727,#1139);
#808=LINE('',#4733,#1140);
#809=LINE('',#4735,#1141);
#810=LINE('',#4737,#1142);
#811=LINE('',#4738,#1143);
#812=LINE('',#4741,#1144);
#813=LINE('',#4743,#1145);
#814=LINE('',#4744,#1146);
#815=LINE('',#4747,#1147);
#816=LINE('',#4749,#1148);
#817=LINE('',#4750,#1149);
#818=LINE('',#4752,#1150);
#819=LINE('',#4753,#1151);
#820=LINE('',#4759,#1152);
#821=LINE('',#4761,#1153);
#822=LINE('',#4763,#1154);
#823=LINE('',#4764,#1155);
#824=LINE('',#4767,#1156);
#825=LINE('',#4769,#1157);
#826=LINE('',#4770,#1158);
#827=LINE('',#4773,#1159);
#828=LINE('',#4775,#1160);
#829=LINE('',#4776,#1161);
#830=LINE('',#4778,#1162);
#831=LINE('',#4779,#1163);
#832=LINE('',#4785,#1164);
#833=LINE('',#4787,#1165);
#834=LINE('',#4789,#1166);
#835=LINE('',#4790,#1167);
#836=LINE('',#4793,#1168);
#837=LINE('',#4795,#1169);
#838=LINE('',#4796,#1170);
#839=LINE('',#4799,#1171);
#840=LINE('',#4801,#1172);
#841=LINE('',#4802,#1173);
#842=LINE('',#4804,#1174);
#843=LINE('',#4805,#1175);
#844=LINE('',#4811,#1176);
#845=LINE('',#4813,#1177);
#846=LINE('',#4815,#1178);
#847=LINE('',#4816,#1179);
#848=LINE('',#4819,#1180);
#849=LINE('',#4821,#1181);
#850=LINE('',#4822,#1182);
#851=LINE('',#4825,#1183);
#852=LINE('',#4827,#1184);
#853=LINE('',#4828,#1185);
#854=LINE('',#4830,#1186);
#855=LINE('',#4831,#1187);
#856=LINE('',#4837,#1188);
#857=LINE('',#4839,#1189);
#858=LINE('',#4841,#1190);
#859=LINE('',#4842,#1191);
#860=LINE('',#4845,#1192);
#861=LINE('',#4847,#1193);
#862=LINE('',#4848,#1194);
#863=LINE('',#4851,#1195);
#864=LINE('',#4853,#1196);
#865=LINE('',#4854,#1197);
#866=LINE('',#4856,#1198);
#867=LINE('',#4857,#1199);
#868=LINE('',#4863,#1200);
#869=LINE('',#4865,#1201);
#870=LINE('',#4867,#1202);
#871=LINE('',#4868,#1203);
#872=LINE('',#4871,#1204);
#873=LINE('',#4873,#1205);
#874=LINE('',#4874,#1206);
#875=LINE('',#4877,#1207);
#876=LINE('',#4879,#1208);
#877=LINE('',#4880,#1209);
#878=LINE('',#4882,#1210);
#879=LINE('',#4883,#1211);
#880=LINE('',#4889,#1212);
#881=LINE('',#4891,#1213);
#882=LINE('',#4893,#1214);
#883=LINE('',#4894,#1215);
#884=LINE('',#4897,#1216);
#885=LINE('',#4899,#1217);
#886=LINE('',#4900,#1218);
#887=LINE('',#4903,#1219);
#888=LINE('',#4905,#1220);
#889=LINE('',#4906,#1221);
#890=LINE('',#4908,#1222);
#891=LINE('',#4909,#1223);
#892=LINE('',#4915,#1224);
#893=LINE('',#4917,#1225);
#894=LINE('',#4919,#1226);
#895=LINE('',#4920,#1227);
#896=LINE('',#4923,#1228);
#897=LINE('',#4925,#1229);
#898=LINE('',#4926,#1230);
#899=LINE('',#4929,#1231);
#900=LINE('',#4931,#1232);
#901=LINE('',#4932,#1233);
#902=LINE('',#4934,#1234);
#903=LINE('',#4935,#1235);
#904=LINE('',#4941,#1236);
#905=LINE('',#4943,#1237);
#906=LINE('',#4945,#1238);
#907=LINE('',#4946,#1239);
#908=LINE('',#4949,#1240);
#909=LINE('',#4951,#1241);
#910=LINE('',#4952,#1242);
#911=LINE('',#4955,#1243);
#912=LINE('',#4957,#1244);
#913=LINE('',#4958,#1245);
#914=LINE('',#4960,#1246);
#915=LINE('',#4961,#1247);
#916=LINE('',#4968,#1248);
#917=LINE('',#4970,#1249);
#918=LINE('',#4972,#1250);
#919=LINE('',#4973,#1251);
#920=LINE('',#4976,#1252);
#921=LINE('',#4978,#1253);
#922=LINE('',#4979,#1254);
#923=LINE('',#4982,#1255);
#924=LINE('',#4984,#1256);
#925=LINE('',#4985,#1257);
#926=LINE('',#4987,#1258);
#927=LINE('',#4988,#1259);
#928=LINE('',#4994,#1260);
#929=LINE('',#4996,#1261);
#930=LINE('',#4998,#1262);
#931=LINE('',#4999,#1263);
#932=LINE('',#5002,#1264);
#933=LINE('',#5004,#1265);
#934=LINE('',#5005,#1266);
#935=LINE('',#5008,#1267);
#936=LINE('',#5010,#1268);
#937=LINE('',#5011,#1269);
#938=LINE('',#5013,#1270);
#939=LINE('',#5014,#1271);
#940=LINE('',#5021,#1272);
#941=LINE('',#5023,#1273);
#942=LINE('',#5025,#1274);
#943=LINE('',#5026,#1275);
#944=LINE('',#5032,#1276);
#945=LINE('',#5035,#1277);
#946=LINE('',#5037,#1278);
#947=LINE('',#5038,#1279);
#948=LINE('',#5044,#1280);
#949=LINE('',#5047,#1281);
#950=LINE('',#5049,#1282);
#951=LINE('',#5050,#1283);
#952=LINE('',#5056,#1284);
#953=LINE('',#5059,#1285);
#954=LINE('',#5061,#1286);
#955=LINE('',#5062,#1287);
#956=LINE('',#5073,#1288);
#957=LINE('',#5082,#1289);
#958=LINE('',#5090,#1290);
#959=LINE('',#5098,#1291);
#960=VECTOR('',#3404,10.);
#961=VECTOR('',#3407,10.);
#962=VECTOR('',#3410,10.);
#963=VECTOR('',#3411,10.);
#964=VECTOR('',#3412,10.);
#965=VECTOR('',#3417,10.);
#966=VECTOR('',#3422,10.);
#967=VECTOR('',#3423,10.);
#968=VECTOR('',#3424,10.);
#969=VECTOR('',#3429,10.);
#970=VECTOR('',#3434,10.);
#971=VECTOR('',#3435,10.);
#972=VECTOR('',#3436,10.);
#973=VECTOR('',#3441,10.);
#974=VECTOR('',#3446,10.);
#975=VECTOR('',#3447,10.);
#976=VECTOR('',#3450,10.);
#977=VECTOR('',#3451,10.);
#978=VECTOR('',#3452,10.);
#979=VECTOR('',#3453,10.);
#980=VECTOR('',#3456,10.);
#981=VECTOR('',#3457,10.);
#982=VECTOR('',#3458,10.);
#983=VECTOR('',#3459,10.);
#984=VECTOR('',#3462,10.);
#985=VECTOR('',#3463,10.);
#986=VECTOR('',#3466,10.);
#987=VECTOR('',#3471,10.);
#988=VECTOR('',#3474,10.);
#989=VECTOR('',#3477,10.);
#990=VECTOR('',#3480,10.);
#991=VECTOR('',#3481,10.);
#992=VECTOR('',#3484,10.);
#993=VECTOR('',#3487,10.);
#994=VECTOR('',#3490,10.);
#995=VECTOR('',#3493,10.);
#996=VECTOR('',#3496,10.);
#997=VECTOR('',#3497,10.);
#998=VECTOR('',#3498,10.);
#999=VECTOR('',#3501,10.);
#1000=VECTOR('',#3506,10.);
#1001=VECTOR('',#3507,10.);
#1002=VECTOR('',#3510,10.);
#1003=VECTOR('',#3515,10.);
#1004=VECTOR('',#3516,10.);
#1005=VECTOR('',#3519,10.);
#1006=VECTOR('',#3524,10.);
#1007=VECTOR('',#3525,10.);
#1008=VECTOR('',#3534,10.);
#1009=VECTOR('',#3535,10.);
#1010=VECTOR('',#3536,10.);
#1011=VECTOR('',#3541,10.);
#1012=VECTOR('',#3544,10.);
#1013=VECTOR('',#3545,10.);
#1014=VECTOR('',#3550,10.);
#1015=VECTOR('',#3553,10.);
#1016=VECTOR('',#3554,10.);
#1017=VECTOR('',#3559,10.);
#1018=VECTOR('',#3562,10.);
#1019=VECTOR('',#3563,10.);
#1020=VECTOR('',#3572,10.);
#1021=VECTOR('',#3573,10.);
#1022=VECTOR('',#3574,10.);
#1023=VECTOR('',#3575,10.);
#1024=VECTOR('',#3582,10.);
#1025=VECTOR('',#3585,10.);
#1026=VECTOR('',#3586,10.);
#1027=VECTOR('',#3587,10.);
#1028=VECTOR('',#3594,10.);
#1029=VECTOR('',#3597,10.);
#1030=VECTOR('',#3598,10.);
#1031=VECTOR('',#3599,10.);
#1032=VECTOR('',#3606,10.);
#1033=VECTOR('',#3609,10.);
#1034=VECTOR('',#3610,10.);
#1035=VECTOR('',#3611,10.);
#1036=VECTOR('',#3620,10.);
#1037=VECTOR('',#3621,10.);
#1038=VECTOR('',#3622,10.);
#1039=VECTOR('',#3623,10.);
#1040=VECTOR('',#3630,10.);
#1041=VECTOR('',#3633,10.);
#1042=VECTOR('',#3634,10.);
#1043=VECTOR('',#3635,10.);
#1044=VECTOR('',#3642,10.);
#1045=VECTOR('',#3645,10.);
#1046=VECTOR('',#3646,10.);
#1047=VECTOR('',#3647,10.);
#1048=VECTOR('',#3654,10.);
#1049=VECTOR('',#3657,10.);
#1050=VECTOR('',#3658,10.);
#1051=VECTOR('',#3659,10.);
#1052=VECTOR('',#3674,10.);
#1053=VECTOR('',#3675,10.);
#1054=VECTOR('',#3676,10.);
#1055=VECTOR('',#3677,10.);
#1056=VECTOR('',#3680,10.);
#1057=VECTOR('',#3681,10.);
#1058=VECTOR('',#3682,10.);
#1059=VECTOR('',#3685,10.);
#1060=VECTOR('',#3686,10.);
#1061=VECTOR('',#3687,10.);
#1062=VECTOR('',#3690,10.);
#1063=VECTOR('',#3691,10.);
#1064=VECTOR('',#3698,10.);
#1065=VECTOR('',#3699,10.);
#1066=VECTOR('',#3700,10.);
#1067=VECTOR('',#3701,10.);
#1068=VECTOR('',#3704,10.);
#1069=VECTOR('',#3705,10.);
#1070=VECTOR('',#3706,10.);
#1071=VECTOR('',#3709,10.);
#1072=VECTOR('',#3710,10.);
#1073=VECTOR('',#3711,10.);
#1074=VECTOR('',#3714,10.);
#1075=VECTOR('',#3715,10.);
#1076=VECTOR('',#3724,10.);
#1077=VECTOR('',#3725,10.);
#1078=VECTOR('',#3726,10.);
#1079=VECTOR('',#3727,10.);
#1080=VECTOR('',#3730,10.);
#1081=VECTOR('',#3731,10.);
#1082=VECTOR('',#3732,10.);
#1083=VECTOR('',#3735,10.);
#1084=VECTOR('',#3736,10.);
#1085=VECTOR('',#3737,10.);
#1086=VECTOR('',#3740,10.);
#1087=VECTOR('',#3741,10.);
#1088=VECTOR('',#3748,10.);
#1089=VECTOR('',#3749,10.);
#1090=VECTOR('',#3750,10.);
#1091=VECTOR('',#3751,10.);
#1092=VECTOR('',#3754,10.);
#1093=VECTOR('',#3755,10.);
#1094=VECTOR('',#3756,10.);
#1095=VECTOR('',#3759,10.);
#1096=VECTOR('',#3760,10.);
#1097=VECTOR('',#3761,10.);
#1098=VECTOR('',#3764,10.);
#1099=VECTOR('',#3765,10.);
#1100=VECTOR('',#3774,10.);
#1101=VECTOR('',#3775,10.);
#1102=VECTOR('',#3776,10.);
#1103=VECTOR('',#3777,10.);
#1104=VECTOR('',#3780,10.);
#1105=VECTOR('',#3781,10.);
#1106=VECTOR('',#3782,10.);
#1107=VECTOR('',#3785,10.);
#1108=VECTOR('',#3786,10.);
#1109=VECTOR('',#3787,10.);
#1110=VECTOR('',#3790,10.);
#1111=VECTOR('',#3793,10.);
#1112=VECTOR('',#3796,10.);
#1113=VECTOR('',#3799,10.);
#1114=VECTOR('',#3802,10.);
#1115=VECTOR('',#3805,10.);
#1116=VECTOR('',#3806,10.);
#1117=VECTOR('',#3809,10.);
#1118=VECTOR('',#3810,10.);
#1119=VECTOR('',#3811,10.);
#1120=VECTOR('',#3816,10.);
#1121=VECTOR('',#3819,10.);
#1122=VECTOR('',#3820,10.);
#1123=VECTOR('',#3825,10.);
#1124=VECTOR('',#3828,10.);
#1125=VECTOR('',#3829,10.);
#1126=VECTOR('',#3836,10.);
#1127=VECTOR('',#3837,10.);
#1128=VECTOR('',#3846,10.);
#1129=VECTOR('',#3847,10.);
#1130=VECTOR('',#3848,10.);
#1131=VECTOR('',#3849,10.);
#1132=VECTOR('',#3852,10.);
#1133=VECTOR('',#3853,10.);
#1134=VECTOR('',#3854,10.);
#1135=VECTOR('',#3857,10.);
#1136=VECTOR('',#3858,10.);
#1137=VECTOR('',#3859,10.);
#1138=VECTOR('',#3862,10.);
#1139=VECTOR('',#3863,10.);
#1140=VECTOR('',#3870,10.);
#1141=VECTOR('',#3871,10.);
#1142=VECTOR('',#3872,10.);
#1143=VECTOR('',#3873,10.);
#1144=VECTOR('',#3876,10.);
#1145=VECTOR('',#3877,10.);
#1146=VECTOR('',#3878,10.);
#1147=VECTOR('',#3881,10.);
#1148=VECTOR('',#3882,10.);
#1149=VECTOR('',#3883,10.);
#1150=VECTOR('',#3886,10.);
#1151=VECTOR('',#3887,10.);
#1152=VECTOR('',#3894,10.);
#1153=VECTOR('',#3895,10.);
#1154=VECTOR('',#3896,10.);
#1155=VECTOR('',#3897,10.);
#1156=VECTOR('',#3900,10.);
#1157=VECTOR('',#3901,10.);
#1158=VECTOR('',#3902,10.);
#1159=VECTOR('',#3905,10.);
#1160=VECTOR('',#3906,10.);
#1161=VECTOR('',#3907,10.);
#1162=VECTOR('',#3910,10.);
#1163=VECTOR('',#3911,10.);
#1164=VECTOR('',#3918,10.);
#1165=VECTOR('',#3919,10.);
#1166=VECTOR('',#3920,10.);
#1167=VECTOR('',#3921,10.);
#1168=VECTOR('',#3924,10.);
#1169=VECTOR('',#3925,10.);
#1170=VECTOR('',#3926,10.);
#1171=VECTOR('',#3929,10.);
#1172=VECTOR('',#3930,10.);
#1173=VECTOR('',#3931,10.);
#1174=VECTOR('',#3934,10.);
#1175=VECTOR('',#3935,10.);
#1176=VECTOR('',#3942,10.);
#1177=VECTOR('',#3943,10.);
#1178=VECTOR('',#3944,10.);
#1179=VECTOR('',#3945,10.);
#1180=VECTOR('',#3948,10.);
#1181=VECTOR('',#3949,10.);
#1182=VECTOR('',#3950,10.);
#1183=VECTOR('',#3953,10.);
#1184=VECTOR('',#3954,10.);
#1185=VECTOR('',#3955,10.);
#1186=VECTOR('',#3958,10.);
#1187=VECTOR('',#3959,10.);
#1188=VECTOR('',#3966,10.);
#1189=VECTOR('',#3967,10.);
#1190=VECTOR('',#3968,10.);
#1191=VECTOR('',#3969,10.);
#1192=VECTOR('',#3972,10.);
#1193=VECTOR('',#3973,10.);
#1194=VECTOR('',#3974,10.);
#1195=VECTOR('',#3977,10.);
#1196=VECTOR('',#3978,10.);
#1197=VECTOR('',#3979,10.);
#1198=VECTOR('',#3982,10.);
#1199=VECTOR('',#3983,10.);
#1200=VECTOR('',#3990,10.);
#1201=VECTOR('',#3991,10.);
#1202=VECTOR('',#3992,10.);
#1203=VECTOR('',#3993,10.);
#1204=VECTOR('',#3996,10.);
#1205=VECTOR('',#3997,10.);
#1206=VECTOR('',#3998,10.);
#1207=VECTOR('',#4001,10.);
#1208=VECTOR('',#4002,10.);
#1209=VECTOR('',#4003,10.);
#1210=VECTOR('',#4006,10.);
#1211=VECTOR('',#4007,10.);
#1212=VECTOR('',#4014,10.);
#1213=VECTOR('',#4015,10.);
#1214=VECTOR('',#4016,10.);
#1215=VECTOR('',#4017,10.);
#1216=VECTOR('',#4020,10.);
#1217=VECTOR('',#4021,10.);
#1218=VECTOR('',#4022,10.);
#1219=VECTOR('',#4025,10.);
#1220=VECTOR('',#4026,10.);
#1221=VECTOR('',#4027,10.);
#1222=VECTOR('',#4030,10.);
#1223=VECTOR('',#4031,10.);
#1224=VECTOR('',#4038,10.);
#1225=VECTOR('',#4039,10.);
#1226=VECTOR('',#4040,10.);
#1227=VECTOR('',#4041,10.);
#1228=VECTOR('',#4044,10.);
#1229=VECTOR('',#4045,10.);
#1230=VECTOR('',#4046,10.);
#1231=VECTOR('',#4049,10.);
#1232=VECTOR('',#4050,10.);
#1233=VECTOR('',#4051,10.);
#1234=VECTOR('',#4054,10.);
#1235=VECTOR('',#4055,10.);
#1236=VECTOR('',#4062,10.);
#1237=VECTOR('',#4063,10.);
#1238=VECTOR('',#4064,10.);
#1239=VECTOR('',#4065,10.);
#1240=VECTOR('',#4068,10.);
#1241=VECTOR('',#4069,10.);
#1242=VECTOR('',#4070,10.);
#1243=VECTOR('',#4073,10.);
#1244=VECTOR('',#4074,10.);
#1245=VECTOR('',#4075,10.);
#1246=VECTOR('',#4078,10.);
#1247=VECTOR('',#4079,10.);
#1248=VECTOR('',#4088,10.);
#1249=VECTOR('',#4089,10.);
#1250=VECTOR('',#4090,10.);
#1251=VECTOR('',#4091,10.);
#1252=VECTOR('',#4094,10.);
#1253=VECTOR('',#4095,10.);
#1254=VECTOR('',#4096,10.);
#1255=VECTOR('',#4099,10.);
#1256=VECTOR('',#4100,10.);
#1257=VECTOR('',#4101,10.);
#1258=VECTOR('',#4104,10.);
#1259=VECTOR('',#4105,10.);
#1260=VECTOR('',#4112,10.);
#1261=VECTOR('',#4113,10.);
#1262=VECTOR('',#4114,10.);
#1263=VECTOR('',#4115,10.);
#1264=VECTOR('',#4118,10.);
#1265=VECTOR('',#4119,10.);
#1266=VECTOR('',#4120,10.);
#1267=VECTOR('',#4123,10.);
#1268=VECTOR('',#4124,10.);
#1269=VECTOR('',#4125,10.);
#1270=VECTOR('',#4128,10.);
#1271=VECTOR('',#4129,10.);
#1272=VECTOR('',#4138,10.);
#1273=VECTOR('',#4139,10.);
#1274=VECTOR('',#4140,10.);
#1275=VECTOR('',#4141,10.);
#1276=VECTOR('',#4148,10.);
#1277=VECTOR('',#4151,10.);
#1278=VECTOR('',#4152,10.);
#1279=VECTOR('',#4153,10.);
#1280=VECTOR('',#4160,10.);
#1281=VECTOR('',#4163,10.);
#1282=VECTOR('',#4164,10.);
#1283=VECTOR('',#4165,10.);
#1284=VECTOR('',#4172,10.);
#1285=VECTOR('',#4175,10.);
#1286=VECTOR('',#4176,10.);
#1287=VECTOR('',#4177,10.);
#1288=VECTOR('',#4194,5.);
#1289=VECTOR('',#4207,1.3);
#1290=VECTOR('',#4218,1.3);
#1291=VECTOR('',#4229,1.3);
#1292=CIRCLE('',#3137,1.);
#1293=CIRCLE('',#3138,1.);
#1294=CIRCLE('',#3141,1.);
#1295=CIRCLE('',#3142,1.);
#1296=CIRCLE('',#3145,1.);
#1297=CIRCLE('',#3146,1.);
#1298=CIRCLE('',#3149,1.);
#1299=CIRCLE('',#3150,1.);
#1300=CIRCLE('',#3157,8.5);
#1301=CIRCLE('',#3158,8.5);
#1302=CIRCLE('',#3159,8.5);
#1303=CIRCLE('',#3160,8.5);
#1304=CIRCLE('',#3161,6.99999999999999);
#1305=CIRCLE('',#3162,6.99999999999999);
#1306=CIRCLE('',#3163,6.99999999999999);
#1307=CIRCLE('',#3164,6.99999999999999);
#1308=CIRCLE('',#3167,6.99999999999999);
#1309=CIRCLE('',#3170,6.99999999999999);
#1310=CIRCLE('',#3173,6.99999999999999);
#1311=CIRCLE('',#3176,6.99999999999999);
#1312=CIRCLE('',#3180,8.5);
#1313=CIRCLE('',#3183,8.5);
#1314=CIRCLE('',#3186,8.5);
#1315=CIRCLE('',#3189,8.5);
#1316=CIRCLE('',#3193,1.49999999999999);
#1317=CIRCLE('',#3194,1.49999999999999);
#1318=CIRCLE('',#3197,1.49999999999999);
#1319=CIRCLE('',#3198,1.49999999999999);
#1320=CIRCLE('',#3201,1.49999999999999);
#1321=CIRCLE('',#3202,1.49999999999999);
#1322=CIRCLE('',#3205,1.49999999999999);
#1323=CIRCLE('',#3206,1.49999999999999);
#1324=CIRCLE('',#3209,8.5);
#1325=CIRCLE('',#3210,8.5);
#1326=CIRCLE('',#3213,8.5);
#1327=CIRCLE('',#3214,8.5);
#1328=CIRCLE('',#3217,8.5);
#1329=CIRCLE('',#3218,8.5);
#1330=CIRCLE('',#3221,8.5);
#1331=CIRCLE('',#3222,8.5);
#1332=CIRCLE('',#3256,6.99999999999999);
#1333=CIRCLE('',#3257,6.99999999999999);
#1334=CIRCLE('',#3258,6.99999999999999);
#1335=CIRCLE('',#3259,6.99999999999999);
#1336=CIRCLE('',#3263,6.99999999999999);
#1337=CIRCLE('',#3266,6.99999999999999);
#1338=CIRCLE('',#3269,6.99999999999999);
#1339=CIRCLE('',#3272,6.99999999999999);
#1340=CIRCLE('',#3350,4.);
#1341=CIRCLE('',#3351,4.);
#1342=CIRCLE('',#3354,4.);
#1343=CIRCLE('',#3355,4.);
#1344=CIRCLE('',#3358,4.);
#1345=CIRCLE('',#3359,4.);
#1346=CIRCLE('',#3362,4.);
#1347=CIRCLE('',#3363,4.);
#1348=CIRCLE('',#3368,5.);
#1349=CIRCLE('',#3369,5.);
#1350=CIRCLE('',#3374,1.3);
#1351=CIRCLE('',#3375,1.3);
#1352=CIRCLE('',#3379,1.3);
#1353=CIRCLE('',#3380,1.3);
#1354=CIRCLE('',#3384,1.3);
#1355=CIRCLE('',#3385,1.3);
#1356=VERTEX_POINT('',#4255);
#1357=VERTEX_POINT('',#4256);
#1358=VERTEX_POINT('',#4258);
#1359=VERTEX_POINT('',#4260);
#1360=VERTEX_POINT('',#4264);
#1361=VERTEX_POINT('',#4266);
#1362=VERTEX_POINT('',#4270);
#1363=VERTEX_POINT('',#4272);
#1364=VERTEX_POINT('',#4276);
#1365=VERTEX_POINT('',#4278);
#1366=VERTEX_POINT('',#4282);
#1367=VERTEX_POINT('',#4284);
#1368=VERTEX_POINT('',#4288);
#1369=VERTEX_POINT('',#4290);
#1370=VERTEX_POINT('',#4294);
#1371=VERTEX_POINT('',#4296);
#1372=VERTEX_POINT('',#4303);
#1373=VERTEX_POINT('',#4304);
#1374=VERTEX_POINT('',#4306);
#1375=VERTEX_POINT('',#4308);
#1376=VERTEX_POINT('',#4312);
#1377=VERTEX_POINT('',#4313);
#1378=VERTEX_POINT('',#4315);
#1379=VERTEX_POINT('',#4317);
#1380=VERTEX_POINT('',#4326);
#1381=VERTEX_POINT('',#4327);
#1382=VERTEX_POINT('',#4329);
#1383=VERTEX_POINT('',#4331);
#1384=VERTEX_POINT('',#4333);
#1385=VERTEX_POINT('',#4335);
#1386=VERTEX_POINT('',#4337);
#1387=VERTEX_POINT('',#4339);
#1388=VERTEX_POINT('',#4342);
#1389=VERTEX_POINT('',#4344);
#1390=VERTEX_POINT('',#4346);
#1391=VERTEX_POINT('',#4348);
#1392=VERTEX_POINT('',#4350);
#1393=VERTEX_POINT('',#4352);
#1394=VERTEX_POINT('',#4354);
#1395=VERTEX_POINT('',#4356);
#1396=VERTEX_POINT('',#4360);
#1397=VERTEX_POINT('',#4362);
#1398=VERTEX_POINT('',#4366);
#1399=VERTEX_POINT('',#4370);
#1400=VERTEX_POINT('',#4374);
#1401=VERTEX_POINT('',#4378);
#1402=VERTEX_POINT('',#4382);
#1403=VERTEX_POINT('',#4386);
#1404=VERTEX_POINT('',#4393);
#1405=VERTEX_POINT('',#4395);
#1406=VERTEX_POINT('',#4399);
#1407=VERTEX_POINT('',#4403);
#1408=VERTEX_POINT('',#4407);
#1409=VERTEX_POINT('',#4411);
#1410=VERTEX_POINT('',#4415);
#1411=VERTEX_POINT('',#4419);
#1412=VERTEX_POINT('',#4426);
#1413=VERTEX_POINT('',#4427);
#1414=VERTEX_POINT('',#4429);
#1415=VERTEX_POINT('',#4431);
#1416=VERTEX_POINT('',#4435);
#1417=VERTEX_POINT('',#4437);
#1418=VERTEX_POINT('',#4441);
#1419=VERTEX_POINT('',#4443);
#1420=VERTEX_POINT('',#4447);
#1421=VERTEX_POINT('',#4449);
#1422=VERTEX_POINT('',#4453);
#1423=VERTEX_POINT('',#4455);
#1424=VERTEX_POINT('',#4459);
#1425=VERTEX_POINT('',#4461);
#1426=VERTEX_POINT('',#4465);
#1427=VERTEX_POINT('',#4467);
#1428=VERTEX_POINT('',#4474);
#1429=VERTEX_POINT('',#4475);
#1430=VERTEX_POINT('',#4477);
#1431=VERTEX_POINT('',#4479);
#1432=VERTEX_POINT('',#4483);
#1433=VERTEX_POINT('',#4485);
#1434=VERTEX_POINT('',#4489);
#1435=VERTEX_POINT('',#4491);
#1436=VERTEX_POINT('',#4495);
#1437=VERTEX_POINT('',#4497);
#1438=VERTEX_POINT('',#4501);
#1439=VERTEX_POINT('',#4503);
#1440=VERTEX_POINT('',#4507);
#1441=VERTEX_POINT('',#4509);
#1442=VERTEX_POINT('',#4513);
#1443=VERTEX_POINT('',#4515);
#1444=VERTEX_POINT('',#4525);
#1445=VERTEX_POINT('',#4526);
#1446=VERTEX_POINT('',#4528);
#1447=VERTEX_POINT('',#4530);
#1448=VERTEX_POINT('',#4534);
#1449=VERTEX_POINT('',#4536);
#1450=VERTEX_POINT('',#4540);
#1451=VERTEX_POINT('',#4542);
#1452=VERTEX_POINT('',#4551);
#1453=VERTEX_POINT('',#4552);
#1454=VERTEX_POINT('',#4554);
#1455=VERTEX_POINT('',#4556);
#1456=VERTEX_POINT('',#4560);
#1457=VERTEX_POINT('',#4562);
#1458=VERTEX_POINT('',#4566);
#1459=VERTEX_POINT('',#4568);
#1460=VERTEX_POINT('',#4578);
#1461=VERTEX_POINT('',#4579);
#1462=VERTEX_POINT('',#4581);
#1463=VERTEX_POINT('',#4583);
#1464=VERTEX_POINT('',#4587);
#1465=VERTEX_POINT('',#4589);
#1466=VERTEX_POINT('',#4593);
#1467=VERTEX_POINT('',#4595);
#1468=VERTEX_POINT('',#4604);
#1469=VERTEX_POINT('',#4605);
#1470=VERTEX_POINT('',#4607);
#1471=VERTEX_POINT('',#4609);
#1472=VERTEX_POINT('',#4613);
#1473=VERTEX_POINT('',#4615);
#1474=VERTEX_POINT('',#4619);
#1475=VERTEX_POINT('',#4621);
#1476=VERTEX_POINT('',#4631);
#1477=VERTEX_POINT('',#4632);
#1478=VERTEX_POINT('',#4634);
#1479=VERTEX_POINT('',#4636);
#1480=VERTEX_POINT('',#4640);
#1481=VERTEX_POINT('',#4642);
#1482=VERTEX_POINT('',#4646);
#1483=VERTEX_POINT('',#4648);
#1484=VERTEX_POINT('',#4652);
#1485=VERTEX_POINT('',#4654);
#1486=VERTEX_POINT('',#4656);
#1487=VERTEX_POINT('',#4658);
#1488=VERTEX_POINT('',#4660);
#1489=VERTEX_POINT('',#4662);
#1490=VERTEX_POINT('',#4664);
#1491=VERTEX_POINT('',#4666);
#1492=VERTEX_POINT('',#4670);
#1493=VERTEX_POINT('',#4674);
#1494=VERTEX_POINT('',#4675);
#1495=VERTEX_POINT('',#4680);
#1496=VERTEX_POINT('',#4684);
#1497=VERTEX_POINT('',#4688);
#1498=VERTEX_POINT('',#4692);
#1499=VERTEX_POINT('',#4698);
#1500=VERTEX_POINT('',#4705);
#1501=VERTEX_POINT('',#4706);
#1502=VERTEX_POINT('',#4708);
#1503=VERTEX_POINT('',#4710);
#1504=VERTEX_POINT('',#4714);
#1505=VERTEX_POINT('',#4716);
#1506=VERTEX_POINT('',#4720);
#1507=VERTEX_POINT('',#4722);
#1508=VERTEX_POINT('',#4731);
#1509=VERTEX_POINT('',#4732);
#1510=VERTEX_POINT('',#4734);
#1511=VERTEX_POINT('',#4736);
#1512=VERTEX_POINT('',#4740);
#1513=VERTEX_POINT('',#4742);
#1514=VERTEX_POINT('',#4746);
#1515=VERTEX_POINT('',#4748);
#1516=VERTEX_POINT('',#4757);
#1517=VERTEX_POINT('',#4758);
#1518=VERTEX_POINT('',#4760);
#1519=VERTEX_POINT('',#4762);
#1520=VERTEX_POINT('',#4766);
#1521=VERTEX_POINT('',#4768);
#1522=VERTEX_POINT('',#4772);
#1523=VERTEX_POINT('',#4774);
#1524=VERTEX_POINT('',#4783);
#1525=VERTEX_POINT('',#4784);
#1526=VERTEX_POINT('',#4786);
#1527=VERTEX_POINT('',#4788);
#1528=VERTEX_POINT('',#4792);
#1529=VERTEX_POINT('',#4794);
#1530=VERTEX_POINT('',#4798);
#1531=VERTEX_POINT('',#4800);
#1532=VERTEX_POINT('',#4809);
#1533=VERTEX_POINT('',#4810);
#1534=VERTEX_POINT('',#4812);
#1535=VERTEX_POINT('',#4814);
#1536=VERTEX_POINT('',#4818);
#1537=VERTEX_POINT('',#4820);
#1538=VERTEX_POINT('',#4824);
#1539=VERTEX_POINT('',#4826);
#1540=VERTEX_POINT('',#4835);
#1541=VERTEX_POINT('',#4836);
#1542=VERTEX_POINT('',#4838);
#1543=VERTEX_POINT('',#4840);
#1544=VERTEX_POINT('',#4844);
#1545=VERTEX_POINT('',#4846);
#1546=VERTEX_POINT('',#4850);
#1547=VERTEX_POINT('',#4852);
#1548=VERTEX_POINT('',#4861);
#1549=VERTEX_POINT('',#4862);
#1550=VERTEX_POINT('',#4864);
#1551=VERTEX_POINT('',#4866);
#1552=VERTEX_POINT('',#4870);
#1553=VERTEX_POINT('',#4872);
#1554=VERTEX_POINT('',#4876);
#1555=VERTEX_POINT('',#4878);
#1556=VERTEX_POINT('',#4887);
#1557=VERTEX_POINT('',#4888);
#1558=VERTEX_POINT('',#4890);
#1559=VERTEX_POINT('',#4892);
#1560=VERTEX_POINT('',#4896);
#1561=VERTEX_POINT('',#4898);
#1562=VERTEX_POINT('',#4902);
#1563=VERTEX_POINT('',#4904);
#1564=VERTEX_POINT('',#4913);
#1565=VERTEX_POINT('',#4914);
#1566=VERTEX_POINT('',#4916);
#1567=VERTEX_POINT('',#4918);
#1568=VERTEX_POINT('',#4922);
#1569=VERTEX_POINT('',#4924);
#1570=VERTEX_POINT('',#4928);
#1571=VERTEX_POINT('',#4930);
#1572=VERTEX_POINT('',#4939);
#1573=VERTEX_POINT('',#4940);
#1574=VERTEX_POINT('',#4942);
#1575=VERTEX_POINT('',#4944);
#1576=VERTEX_POINT('',#4948);
#1577=VERTEX_POINT('',#4950);
#1578=VERTEX_POINT('',#4954);
#1579=VERTEX_POINT('',#4956);
#1580=VERTEX_POINT('',#4966);
#1581=VERTEX_POINT('',#4967);
#1582=VERTEX_POINT('',#4969);
#1583=VERTEX_POINT('',#4971);
#1584=VERTEX_POINT('',#4975);
#1585=VERTEX_POINT('',#4977);
#1586=VERTEX_POINT('',#4981);
#1587=VERTEX_POINT('',#4983);
#1588=VERTEX_POINT('',#4992);
#1589=VERTEX_POINT('',#4993);
#1590=VERTEX_POINT('',#4995);
#1591=VERTEX_POINT('',#4997);
#1592=VERTEX_POINT('',#5001);
#1593=VERTEX_POINT('',#5003);
#1594=VERTEX_POINT('',#5007);
#1595=VERTEX_POINT('',#5009);
#1596=VERTEX_POINT('',#5019);
#1597=VERTEX_POINT('',#5020);
#1598=VERTEX_POINT('',#5022);
#1599=VERTEX_POINT('',#5024);
#1600=VERTEX_POINT('',#5028);
#1601=VERTEX_POINT('',#5030);
#1602=VERTEX_POINT('',#5034);
#1603=VERTEX_POINT('',#5036);
#1604=VERTEX_POINT('',#5040);
#1605=VERTEX_POINT('',#5042);
#1606=VERTEX_POINT('',#5046);
#1607=VERTEX_POINT('',#5048);
#1608=VERTEX_POINT('',#5052);
#1609=VERTEX_POINT('',#5054);
#1610=VERTEX_POINT('',#5058);
#1611=VERTEX_POINT('',#5060);
#1612=VERTEX_POINT('',#5070);
#1613=VERTEX_POINT('',#5072);
#1614=VERTEX_POINT('',#5079);
#1615=VERTEX_POINT('',#5081);
#1616=VERTEX_POINT('',#5087);
#1617=VERTEX_POINT('',#5089);
#1618=VERTEX_POINT('',#5095);
#1619=VERTEX_POINT('',#5097);
#1620=EDGE_CURVE('',#1356,#1357,#1292,.T.);
#1621=EDGE_CURVE('',#1357,#1358,#628,.T.);
#1622=EDGE_CURVE('',#1358,#1359,#1293,.T.);
#1623=EDGE_CURVE('',#1359,#1356,#629,.T.);
#1624=EDGE_CURVE('',#1360,#1357,#630,.T.);
#1625=EDGE_CURVE('',#1361,#1360,#631,.T.);
#1626=EDGE_CURVE('',#1358,#1361,#632,.T.);
#1627=EDGE_CURVE('',#1360,#1362,#1294,.T.);
#1628=EDGE_CURVE('',#1362,#1363,#633,.T.);
#1629=EDGE_CURVE('',#1363,#1361,#1295,.T.);
#1630=EDGE_CURVE('',#1364,#1362,#634,.T.);
#1631=EDGE_CURVE('',#1365,#1364,#635,.T.);
#1632=EDGE_CURVE('',#1363,#1365,#636,.T.);
#1633=EDGE_CURVE('',#1364,#1366,#1296,.T.);
#1634=EDGE_CURVE('',#1366,#1367,#637,.T.);
#1635=EDGE_CURVE('',#1367,#1365,#1297,.T.);
#1636=EDGE_CURVE('',#1368,#1366,#638,.T.);
#1637=EDGE_CURVE('',#1369,#1368,#639,.T.);
#1638=EDGE_CURVE('',#1367,#1369,#640,.T.);
#1639=EDGE_CURVE('',#1368,#1370,#1298,.T.);
#1640=EDGE_CURVE('',#1370,#1371,#641,.T.);
#1641=EDGE_CURVE('',#1371,#1369,#1299,.T.);
#1642=EDGE_CURVE('',#1371,#1359,#642,.T.);
#1643=EDGE_CURVE('',#1356,#1370,#643,.T.);
#1644=EDGE_CURVE('',#1372,#1373,#644,.T.);
#1645=EDGE_CURVE('',#1372,#1374,#645,.T.);
#1646=EDGE_CURVE('',#1375,#1374,#646,.T.);
#1647=EDGE_CURVE('',#1373,#1375,#647,.T.);
#1648=EDGE_CURVE('',#1376,#1377,#648,.T.);
#1649=EDGE_CURVE('',#1378,#1376,#649,.T.);
#1650=EDGE_CURVE('',#1378,#1379,#650,.T.);
#1651=EDGE_CURVE('',#1379,#1377,#651,.T.);
#1652=EDGE_CURVE('',#1375,#1378,#652,.T.);
#1653=EDGE_CURVE('',#1374,#1379,#653,.T.);
#1654=EDGE_CURVE('',#1377,#1372,#654,.T.);
#1655=EDGE_CURVE('',#1380,#1381,#1300,.T.);
#1656=EDGE_CURVE('',#1381,#1382,#655,.T.);
#1657=EDGE_CURVE('',#1382,#1383,#1301,.T.);
#1658=EDGE_CURVE('',#1383,#1384,#656,.T.);
#1659=EDGE_CURVE('',#1384,#1385,#1302,.T.);
#1660=EDGE_CURVE('',#1385,#1386,#657,.T.);
#1661=EDGE_CURVE('',#1386,#1387,#1303,.T.);
#1662=EDGE_CURVE('',#1387,#1380,#658,.T.);
#1663=EDGE_CURVE('',#1376,#1388,#659,.T.);
#1664=EDGE_CURVE('',#1388,#1389,#1304,.T.);
#1665=EDGE_CURVE('',#1389,#1390,#660,.T.);
#1666=EDGE_CURVE('',#1390,#1391,#1305,.T.);
#1667=EDGE_CURVE('',#1391,#1392,#661,.T.);
#1668=EDGE_CURVE('',#1392,#1393,#1306,.T.);
#1669=EDGE_CURVE('',#1393,#1394,#662,.T.);
#1670=EDGE_CURVE('',#1394,#1395,#1307,.T.);
#1671=EDGE_CURVE('',#1395,#1373,#663,.T.);
#1672=EDGE_CURVE('',#1393,#1396,#664,.T.);
#1673=EDGE_CURVE('',#1396,#1397,#665,.T.);
#1674=EDGE_CURVE('',#1394,#1397,#666,.T.);
#1675=EDGE_CURVE('',#1392,#1398,#667,.T.);
#1676=EDGE_CURVE('',#1398,#1396,#1308,.T.);
#1677=EDGE_CURVE('',#1391,#1399,#668,.T.);
#1678=EDGE_CURVE('',#1399,#1398,#669,.T.);
#1679=EDGE_CURVE('',#1390,#1400,#670,.T.);
#1680=EDGE_CURVE('',#1400,#1399,#1309,.T.);
#1681=EDGE_CURVE('',#1389,#1401,#671,.T.);
#1682=EDGE_CURVE('',#1401,#1400,#672,.T.);
#1683=EDGE_CURVE('',#1388,#1402,#673,.T.);
#1684=EDGE_CURVE('',#1402,#1401,#1310,.T.);
#1685=EDGE_CURVE('',#1395,#1403,#674,.T.);
#1686=EDGE_CURVE('',#1403,#1402,#675,.T.);
#1687=EDGE_CURVE('',#1397,#1403,#1311,.T.);
#1688=EDGE_CURVE('',#1381,#1404,#676,.T.);
#1689=EDGE_CURVE('',#1405,#1404,#677,.T.);
#1690=EDGE_CURVE('',#1382,#1405,#678,.T.);
#1691=EDGE_CURVE('',#1406,#1405,#1312,.T.);
#1692=EDGE_CURVE('',#1383,#1406,#679,.T.);
#1693=EDGE_CURVE('',#1407,#1406,#680,.T.);
#1694=EDGE_CURVE('',#1384,#1407,#681,.T.);
#1695=EDGE_CURVE('',#1408,#1407,#1313,.T.);
#1696=EDGE_CURVE('',#1385,#1408,#682,.T.);
#1697=EDGE_CURVE('',#1409,#1408,#683,.T.);
#1698=EDGE_CURVE('',#1386,#1409,#684,.T.);
#1699=EDGE_CURVE('',#1410,#1409,#1314,.T.);
#1700=EDGE_CURVE('',#1387,#1410,#685,.T.);
#1701=EDGE_CURVE('',#1411,#1410,#686,.T.);
#1702=EDGE_CURVE('',#1380,#1411,#687,.T.);
#1703=EDGE_CURVE('',#1404,#1411,#1315,.T.);
#1704=EDGE_CURVE('',#1412,#1413,#688,.T.);
#1705=EDGE_CURVE('',#1414,#1412,#689,.T.);
#1706=EDGE_CURVE('',#1415,#1414,#690,.T.);
#1707=EDGE_CURVE('',#1415,#1413,#691,.T.);
#1708=EDGE_CURVE('',#1413,#1416,#1316,.T.);
#1709=EDGE_CURVE('',#1417,#1415,#1317,.T.);
#1710=EDGE_CURVE('',#1417,#1416,#692,.T.);
#1711=EDGE_CURVE('',#1416,#1418,#693,.T.);
#1712=EDGE_CURVE('',#1419,#1417,#694,.T.);
#1713=EDGE_CURVE('',#1419,#1418,#695,.T.);
#1714=EDGE_CURVE('',#1418,#1420,#1318,.T.);
#1715=EDGE_CURVE('',#1421,#1419,#1319,.T.);
#1716=EDGE_CURVE('',#1421,#1420,#696,.T.);
#1717=EDGE_CURVE('',#1420,#1422,#697,.T.);
#1718=EDGE_CURVE('',#1423,#1421,#698,.T.);
#1719=EDGE_CURVE('',#1423,#1422,#699,.T.);
#1720=EDGE_CURVE('',#1422,#1424,#1320,.T.);
#1721=EDGE_CURVE('',#1425,#1423,#1321,.T.);
#1722=EDGE_CURVE('',#1425,#1424,#700,.T.);
#1723=EDGE_CURVE('',#1424,#1426,#701,.T.);
#1724=EDGE_CURVE('',#1427,#1425,#702,.T.);
#1725=EDGE_CURVE('',#1427,#1426,#703,.T.);
#1726=EDGE_CURVE('',#1426,#1412,#1322,.T.);
#1727=EDGE_CURVE('',#1414,#1427,#1323,.T.);
#1728=EDGE_CURVE('',#1428,#1429,#704,.T.);
#1729=EDGE_CURVE('',#1429,#1430,#705,.T.);
#1730=EDGE_CURVE('',#1431,#1430,#706,.T.);
#1731=EDGE_CURVE('',#1428,#1431,#707,.T.);
#1732=EDGE_CURVE('',#1432,#1428,#1324,.T.);
#1733=EDGE_CURVE('',#1433,#1431,#1325,.T.);
#1734=EDGE_CURVE('',#1432,#1433,#708,.T.);
#1735=EDGE_CURVE('',#1434,#1432,#709,.T.);
#1736=EDGE_CURVE('',#1435,#1433,#710,.T.);
#1737=EDGE_CURVE('',#1434,#1435,#711,.T.);
#1738=EDGE_CURVE('',#1436,#1434,#1326,.T.);
#1739=EDGE_CURVE('',#1437,#1435,#1327,.T.);
#1740=EDGE_CURVE('',#1436,#1437,#712,.T.);
#1741=EDGE_CURVE('',#1438,#1436,#713,.T.);
#1742=EDGE_CURVE('',#1439,#1437,#714,.T.);
#1743=EDGE_CURVE('',#1438,#1439,#715,.T.);
#1744=EDGE_CURVE('',#1440,#1438,#1328,.T.);
#1745=EDGE_CURVE('',#1441,#1439,#1329,.T.);
#1746=EDGE_CURVE('',#1440,#1441,#716,.T.);
#1747=EDGE_CURVE('',#1442,#1440,#717,.T.);
#1748=EDGE_CURVE('',#1443,#1441,#718,.T.);
#1749=EDGE_CURVE('',#1442,#1443,#719,.T.);
#1750=EDGE_CURVE('',#1429,#1442,#1330,.T.);
#1751=EDGE_CURVE('',#1430,#1443,#1331,.T.);
#1752=EDGE_CURVE('',#1444,#1445,#720,.T.);
#1753=EDGE_CURVE('',#1444,#1446,#721,.T.);
#1754=EDGE_CURVE('',#1447,#1446,#722,.T.);
#1755=EDGE_CURVE('',#1445,#1447,#723,.T.);
#1756=EDGE_CURVE('',#1445,#1448,#724,.T.);
#1757=EDGE_CURVE('',#1449,#1447,#725,.T.);
#1758=EDGE_CURVE('',#1448,#1449,#726,.T.);
#1759=EDGE_CURVE('',#1448,#1450,#727,.T.);
#1760=EDGE_CURVE('',#1451,#1449,#728,.T.);
#1761=EDGE_CURVE('',#1450,#1451,#729,.T.);
#1762=EDGE_CURVE('',#1450,#1444,#730,.T.);
#1763=EDGE_CURVE('',#1446,#1451,#731,.T.);
#1764=EDGE_CURVE('',#1452,#1453,#732,.T.);
#1765=EDGE_CURVE('',#1452,#1454,#733,.T.);
#1766=EDGE_CURVE('',#1455,#1454,#734,.T.);
#1767=EDGE_CURVE('',#1453,#1455,#735,.T.);
#1768=EDGE_CURVE('',#1453,#1456,#736,.T.);
#1769=EDGE_CURVE('',#1457,#1455,#737,.T.);
#1770=EDGE_CURVE('',#1456,#1457,#738,.T.);
#1771=EDGE_CURVE('',#1456,#1458,#739,.T.);
#1772=EDGE_CURVE('',#1459,#1457,#740,.T.);
#1773=EDGE_CURVE('',#1458,#1459,#741,.T.);
#1774=EDGE_CURVE('',#1458,#1452,#742,.T.);
#1775=EDGE_CURVE('',#1454,#1459,#743,.T.);
#1776=EDGE_CURVE('',#1460,#1461,#744,.T.);
#1777=EDGE_CURVE('',#1460,#1462,#745,.T.);
#1778=EDGE_CURVE('',#1463,#1462,#746,.T.);
#1779=EDGE_CURVE('',#1461,#1463,#747,.T.);
#1780=EDGE_CURVE('',#1461,#1464,#748,.T.);
#1781=EDGE_CURVE('',#1465,#1463,#749,.T.);
#1782=EDGE_CURVE('',#1464,#1465,#750,.T.);
#1783=EDGE_CURVE('',#1464,#1466,#751,.T.);
#1784=EDGE_CURVE('',#1467,#1465,#752,.T.);
#1785=EDGE_CURVE('',#1466,#1467,#753,.T.);
#1786=EDGE_CURVE('',#1466,#1460,#754,.T.);
#1787=EDGE_CURVE('',#1462,#1467,#755,.T.);
#1788=EDGE_CURVE('',#1468,#1469,#756,.T.);
#1789=EDGE_CURVE('',#1468,#1470,#757,.T.);
#1790=EDGE_CURVE('',#1471,#1470,#758,.T.);
#1791=EDGE_CURVE('',#1469,#1471,#759,.T.);
#1792=EDGE_CURVE('',#1469,#1472,#760,.T.);
#1793=EDGE_CURVE('',#1473,#1471,#761,.T.);
#1794=EDGE_CURVE('',#1472,#1473,#762,.T.);
#1795=EDGE_CURVE('',#1472,#1474,#763,.T.);
#1796=EDGE_CURVE('',#1475,#1473,#764,.T.);
#1797=EDGE_CURVE('',#1474,#1475,#765,.T.);
#1798=EDGE_CURVE('',#1474,#1468,#766,.T.);
#1799=EDGE_CURVE('',#1470,#1475,#767,.T.);
#1800=EDGE_CURVE('',#1476,#1477,#768,.T.);
#1801=EDGE_CURVE('',#1478,#1476,#769,.T.);
#1802=EDGE_CURVE('',#1479,#1478,#770,.T.);
#1803=EDGE_CURVE('',#1479,#1477,#771,.T.);
#1804=EDGE_CURVE('',#1477,#1480,#772,.T.);
#1805=EDGE_CURVE('',#1481,#1479,#773,.T.);
#1806=EDGE_CURVE('',#1480,#1481,#774,.T.);
#1807=EDGE_CURVE('',#1482,#1476,#775,.T.);
#1808=EDGE_CURVE('',#1483,#1482,#776,.T.);
#1809=EDGE_CURVE('',#1478,#1483,#777,.T.);
#1810=EDGE_CURVE('',#1480,#1484,#778,.T.);
#1811=EDGE_CURVE('',#1484,#1485,#1332,.T.);
#1812=EDGE_CURVE('',#1485,#1486,#779,.T.);
#1813=EDGE_CURVE('',#1486,#1487,#1333,.T.);
#1814=EDGE_CURVE('',#1487,#1488,#780,.T.);
#1815=EDGE_CURVE('',#1488,#1489,#1334,.T.);
#1816=EDGE_CURVE('',#1489,#1490,#781,.T.);
#1817=EDGE_CURVE('',#1490,#1491,#1335,.T.);
#1818=EDGE_CURVE('',#1491,#1482,#782,.T.);
#1819=EDGE_CURVE('',#1492,#1481,#783,.T.);
#1820=EDGE_CURVE('',#1492,#1484,#784,.T.);
#1821=EDGE_CURVE('',#1493,#1494,#785,.T.);
#1822=EDGE_CURVE('',#1493,#1490,#786,.T.);
#1823=EDGE_CURVE('',#1494,#1489,#787,.T.);
#1824=EDGE_CURVE('',#1494,#1495,#1336,.T.);
#1825=EDGE_CURVE('',#1495,#1488,#788,.T.);
#1826=EDGE_CURVE('',#1495,#1496,#789,.T.);
#1827=EDGE_CURVE('',#1496,#1487,#790,.T.);
#1828=EDGE_CURVE('',#1496,#1497,#1337,.T.);
#1829=EDGE_CURVE('',#1497,#1486,#791,.T.);
#1830=EDGE_CURVE('',#1497,#1498,#792,.T.);
#1831=EDGE_CURVE('',#1498,#1485,#793,.T.);
#1832=EDGE_CURVE('',#1498,#1492,#1338,.T.);
#1833=EDGE_CURVE('',#1499,#1491,#794,.T.);
#1834=EDGE_CURVE('',#1483,#1499,#795,.T.);
#1835=EDGE_CURVE('',#1499,#1493,#1339,.T.);
#1836=EDGE_CURVE('',#1500,#1501,#796,.T.);
#1837=EDGE_CURVE('',#1501,#1502,#797,.T.);
#1838=EDGE_CURVE('',#1503,#1502,#798,.T.);
#1839=EDGE_CURVE('',#1500,#1503,#799,.T.);
#1840=EDGE_CURVE('',#1504,#1500,#800,.T.);
#1841=EDGE_CURVE('',#1505,#1503,#801,.T.);
#1842=EDGE_CURVE('',#1504,#1505,#802,.T.);
#1843=EDGE_CURVE('',#1506,#1504,#803,.T.);
#1844=EDGE_CURVE('',#1507,#1505,#804,.T.);
#1845=EDGE_CURVE('',#1506,#1507,#805,.T.);
#1846=EDGE_CURVE('',#1501,#1506,#806,.T.);
#1847=EDGE_CURVE('',#1502,#1507,#807,.T.);
#1848=EDGE_CURVE('',#1508,#1509,#808,.T.);
#1849=EDGE_CURVE('',#1509,#1510,#809,.T.);
#1850=EDGE_CURVE('',#1511,#1510,#810,.T.);
#1851=EDGE_CURVE('',#1508,#1511,#811,.T.);
#1852=EDGE_CURVE('',#1512,#1508,#812,.T.);
#1853=EDGE_CURVE('',#1513,#1511,#813,.T.);
#1854=EDGE_CURVE('',#1512,#1513,#814,.T.);
#1855=EDGE_CURVE('',#1514,#1512,#815,.T.);
#1856=EDGE_CURVE('',#1515,#1513,#816,.T.);
#1857=EDGE_CURVE('',#1514,#1515,#817,.T.);
#1858=EDGE_CURVE('',#1509,#1514,#818,.T.);
#1859=EDGE_CURVE('',#1510,#1515,#819,.T.);
#1860=EDGE_CURVE('',#1516,#1517,#820,.T.);
#1861=EDGE_CURVE('',#1517,#1518,#821,.T.);
#1862=EDGE_CURVE('',#1519,#1518,#822,.T.);
#1863=EDGE_CURVE('',#1516,#1519,#823,.T.);
#1864=EDGE_CURVE('',#1520,#1516,#824,.T.);
#1865=EDGE_CURVE('',#1521,#1519,#825,.T.);
#1866=EDGE_CURVE('',#1520,#1521,#826,.T.);
#1867=EDGE_CURVE('',#1522,#1520,#827,.T.);
#1868=EDGE_CURVE('',#1523,#1521,#828,.T.);
#1869=EDGE_CURVE('',#1522,#1523,#829,.T.);
#1870=EDGE_CURVE('',#1517,#1522,#830,.T.);
#1871=EDGE_CURVE('',#1518,#1523,#831,.T.);
#1872=EDGE_CURVE('',#1524,#1525,#832,.T.);
#1873=EDGE_CURVE('',#1525,#1526,#833,.T.);
#1874=EDGE_CURVE('',#1527,#1526,#834,.T.);
#1875=EDGE_CURVE('',#1524,#1527,#835,.T.);
#1876=EDGE_CURVE('',#1528,#1524,#836,.T.);
#1877=EDGE_CURVE('',#1529,#1527,#837,.T.);
#1878=EDGE_CURVE('',#1528,#1529,#838,.T.);
#1879=EDGE_CURVE('',#1530,#1528,#839,.T.);
#1880=EDGE_CURVE('',#1531,#1529,#840,.T.);
#1881=EDGE_CURVE('',#1530,#1531,#841,.T.);
#1882=EDGE_CURVE('',#1525,#1530,#842,.T.);
#1883=EDGE_CURVE('',#1526,#1531,#843,.T.);
#1884=EDGE_CURVE('',#1532,#1533,#844,.T.);
#1885=EDGE_CURVE('',#1533,#1534,#845,.T.);
#1886=EDGE_CURVE('',#1535,#1534,#846,.T.);
#1887=EDGE_CURVE('',#1532,#1535,#847,.T.);
#1888=EDGE_CURVE('',#1536,#1532,#848,.T.);
#1889=EDGE_CURVE('',#1537,#1535,#849,.T.);
#1890=EDGE_CURVE('',#1536,#1537,#850,.T.);
#1891=EDGE_CURVE('',#1538,#1536,#851,.T.);
#1892=EDGE_CURVE('',#1539,#1537,#852,.T.);
#1893=EDGE_CURVE('',#1538,#1539,#853,.T.);
#1894=EDGE_CURVE('',#1533,#1538,#854,.T.);
#1895=EDGE_CURVE('',#1534,#1539,#855,.T.);
#1896=EDGE_CURVE('',#1540,#1541,#856,.T.);
#1897=EDGE_CURVE('',#1541,#1542,#857,.T.);
#1898=EDGE_CURVE('',#1543,#1542,#858,.T.);
#1899=EDGE_CURVE('',#1540,#1543,#859,.T.);
#1900=EDGE_CURVE('',#1544,#1540,#860,.T.);
#1901=EDGE_CURVE('',#1545,#1543,#861,.T.);
#1902=EDGE_CURVE('',#1544,#1545,#862,.T.);
#1903=EDGE_CURVE('',#1546,#1544,#863,.T.);
#1904=EDGE_CURVE('',#1547,#1545,#864,.T.);
#1905=EDGE_CURVE('',#1546,#1547,#865,.T.);
#1906=EDGE_CURVE('',#1541,#1546,#866,.T.);
#1907=EDGE_CURVE('',#1542,#1547,#867,.T.);
#1908=EDGE_CURVE('',#1548,#1549,#868,.T.);
#1909=EDGE_CURVE('',#1549,#1550,#869,.T.);
#1910=EDGE_CURVE('',#1551,#1550,#870,.T.);
#1911=EDGE_CURVE('',#1548,#1551,#871,.T.);
#1912=EDGE_CURVE('',#1552,#1548,#872,.T.);
#1913=EDGE_CURVE('',#1553,#1551,#873,.T.);
#1914=EDGE_CURVE('',#1552,#1553,#874,.T.);
#1915=EDGE_CURVE('',#1554,#1552,#875,.T.);
#1916=EDGE_CURVE('',#1555,#1553,#876,.T.);
#1917=EDGE_CURVE('',#1554,#1555,#877,.T.);
#1918=EDGE_CURVE('',#1549,#1554,#878,.T.);
#1919=EDGE_CURVE('',#1550,#1555,#879,.T.);
#1920=EDGE_CURVE('',#1556,#1557,#880,.T.);
#1921=EDGE_CURVE('',#1557,#1558,#881,.T.);
#1922=EDGE_CURVE('',#1559,#1558,#882,.T.);
#1923=EDGE_CURVE('',#1556,#1559,#883,.T.);
#1924=EDGE_CURVE('',#1560,#1556,#884,.T.);
#1925=EDGE_CURVE('',#1561,#1559,#885,.T.);
#1926=EDGE_CURVE('',#1560,#1561,#886,.T.);
#1927=EDGE_CURVE('',#1562,#1560,#887,.T.);
#1928=EDGE_CURVE('',#1563,#1561,#888,.T.);
#1929=EDGE_CURVE('',#1562,#1563,#889,.T.);
#1930=EDGE_CURVE('',#1557,#1562,#890,.T.);
#1931=EDGE_CURVE('',#1558,#1563,#891,.T.);
#1932=EDGE_CURVE('',#1564,#1565,#892,.T.);
#1933=EDGE_CURVE('',#1565,#1566,#893,.T.);
#1934=EDGE_CURVE('',#1567,#1566,#894,.T.);
#1935=EDGE_CURVE('',#1564,#1567,#895,.T.);
#1936=EDGE_CURVE('',#1568,#1564,#896,.T.);
#1937=EDGE_CURVE('',#1569,#1567,#897,.T.);
#1938=EDGE_CURVE('',#1568,#1569,#898,.T.);
#1939=EDGE_CURVE('',#1570,#1568,#899,.T.);
#1940=EDGE_CURVE('',#1571,#1569,#900,.T.);
#1941=EDGE_CURVE('',#1570,#1571,#901,.T.);
#1942=EDGE_CURVE('',#1565,#1570,#902,.T.);
#1943=EDGE_CURVE('',#1566,#1571,#903,.T.);
#1944=EDGE_CURVE('',#1572,#1573,#904,.T.);
#1945=EDGE_CURVE('',#1573,#1574,#905,.T.);
#1946=EDGE_CURVE('',#1575,#1574,#906,.T.);
#1947=EDGE_CURVE('',#1572,#1575,#907,.T.);
#1948=EDGE_CURVE('',#1576,#1572,#908,.T.);
#1949=EDGE_CURVE('',#1577,#1575,#909,.T.);
#1950=EDGE_CURVE('',#1576,#1577,#910,.T.);
#1951=EDGE_CURVE('',#1578,#1576,#911,.T.);
#1952=EDGE_CURVE('',#1579,#1577,#912,.T.);
#1953=EDGE_CURVE('',#1578,#1579,#913,.T.);
#1954=EDGE_CURVE('',#1573,#1578,#914,.T.);
#1955=EDGE_CURVE('',#1574,#1579,#915,.T.);
#1956=EDGE_CURVE('',#1580,#1581,#916,.T.);
#1957=EDGE_CURVE('',#1580,#1582,#917,.T.);
#1958=EDGE_CURVE('',#1583,#1582,#918,.T.);
#1959=EDGE_CURVE('',#1581,#1583,#919,.T.);
#1960=EDGE_CURVE('',#1581,#1584,#920,.T.);
#1961=EDGE_CURVE('',#1585,#1583,#921,.T.);
#1962=EDGE_CURVE('',#1584,#1585,#922,.T.);
#1963=EDGE_CURVE('',#1584,#1586,#923,.T.);
#1964=EDGE_CURVE('',#1587,#1585,#924,.T.);
#1965=EDGE_CURVE('',#1586,#1587,#925,.T.);
#1966=EDGE_CURVE('',#1586,#1580,#926,.T.);
#1967=EDGE_CURVE('',#1582,#1587,#927,.T.);
#1968=EDGE_CURVE('',#1588,#1589,#928,.T.);
#1969=EDGE_CURVE('',#1589,#1590,#929,.T.);
#1970=EDGE_CURVE('',#1591,#1590,#930,.T.);
#1971=EDGE_CURVE('',#1588,#1591,#931,.T.);
#1972=EDGE_CURVE('',#1592,#1588,#932,.T.);
#1973=EDGE_CURVE('',#1593,#1591,#933,.T.);
#1974=EDGE_CURVE('',#1592,#1593,#934,.T.);
#1975=EDGE_CURVE('',#1594,#1592,#935,.T.);
#1976=EDGE_CURVE('',#1595,#1593,#936,.T.);
#1977=EDGE_CURVE('',#1594,#1595,#937,.T.);
#1978=EDGE_CURVE('',#1589,#1594,#938,.T.);
#1979=EDGE_CURVE('',#1590,#1595,#939,.T.);
#1980=EDGE_CURVE('',#1596,#1597,#940,.T.);
#1981=EDGE_CURVE('',#1596,#1598,#941,.T.);
#1982=EDGE_CURVE('',#1599,#1598,#942,.T.);
#1983=EDGE_CURVE('',#1597,#1599,#943,.T.);
#1984=EDGE_CURVE('',#1597,#1600,#1340,.T.);
#1985=EDGE_CURVE('',#1601,#1599,#1341,.T.);
#1986=EDGE_CURVE('',#1600,#1601,#944,.T.);
#1987=EDGE_CURVE('',#1600,#1602,#945,.T.);
#1988=EDGE_CURVE('',#1603,#1601,#946,.T.);
#1989=EDGE_CURVE('',#1602,#1603,#947,.T.);
#1990=EDGE_CURVE('',#1602,#1604,#1342,.T.);
#1991=EDGE_CURVE('',#1605,#1603,#1343,.T.);
#1992=EDGE_CURVE('',#1604,#1605,#948,.T.);
#1993=EDGE_CURVE('',#1604,#1606,#949,.T.);
#1994=EDGE_CURVE('',#1607,#1605,#950,.T.);
#1995=EDGE_CURVE('',#1606,#1607,#951,.T.);
#1996=EDGE_CURVE('',#1606,#1608,#1344,.T.);
#1997=EDGE_CURVE('',#1609,#1607,#1345,.T.);
#1998=EDGE_CURVE('',#1608,#1609,#952,.T.);
#1999=EDGE_CURVE('',#1608,#1610,#953,.T.);
#2000=EDGE_CURVE('',#1611,#1609,#954,.T.);
#2001=EDGE_CURVE('',#1610,#1611,#955,.T.);
#2002=EDGE_CURVE('',#1610,#1596,#1346,.T.);
#2003=EDGE_CURVE('',#1598,#1611,#1347,.T.);
#2004=EDGE_CURVE('',#1612,#1612,#1348,.T.);
#2005=EDGE_CURVE('',#1612,#1613,#956,.T.);
#2006=EDGE_CURVE('',#1613,#1613,#1349,.T.);
#2007=EDGE_CURVE('',#1614,#1614,#1350,.T.);
#2008=EDGE_CURVE('',#1614,#1615,#957,.T.);
#2009=EDGE_CURVE('',#1615,#1615,#1351,.T.);
#2010=EDGE_CURVE('',#1616,#1616,#1352,.T.);
#2011=EDGE_CURVE('',#1616,#1617,#958,.T.);
#2012=EDGE_CURVE('',#1617,#1617,#1353,.T.);
#2013=EDGE_CURVE('',#1618,#1618,#1354,.T.);
#2014=EDGE_CURVE('',#1618,#1619,#959,.T.);
#2015=EDGE_CURVE('',#1619,#1619,#1355,.T.);
#2016=ORIENTED_EDGE('',*,*,#1620,.T.);
#2017=ORIENTED_EDGE('',*,*,#1621,.T.);
#2018=ORIENTED_EDGE('',*,*,#1622,.T.);
#2019=ORIENTED_EDGE('',*,*,#1623,.T.);
#2020=ORIENTED_EDGE('',*,*,#1621,.F.);
#2021=ORIENTED_EDGE('',*,*,#1624,.F.);
#2022=ORIENTED_EDGE('',*,*,#1625,.F.);
#2023=ORIENTED_EDGE('',*,*,#1626,.F.);
#2024=ORIENTED_EDGE('',*,*,#1627,.T.);
#2025=ORIENTED_EDGE('',*,*,#1628,.T.);
#2026=ORIENTED_EDGE('',*,*,#1629,.T.);
#2027=ORIENTED_EDGE('',*,*,#1625,.T.);
#2028=ORIENTED_EDGE('',*,*,#1628,.F.);
#2029=ORIENTED_EDGE('',*,*,#1630,.F.);
#2030=ORIENTED_EDGE('',*,*,#1631,.F.);
#2031=ORIENTED_EDGE('',*,*,#1632,.F.);
#2032=ORIENTED_EDGE('',*,*,#1633,.T.);
#2033=ORIENTED_EDGE('',*,*,#1634,.T.);
#2034=ORIENTED_EDGE('',*,*,#1635,.T.);
#2035=ORIENTED_EDGE('',*,*,#1631,.T.);
#2036=ORIENTED_EDGE('',*,*,#1634,.F.);
#2037=ORIENTED_EDGE('',*,*,#1636,.F.);
#2038=ORIENTED_EDGE('',*,*,#1637,.F.);
#2039=ORIENTED_EDGE('',*,*,#1638,.F.);
#2040=ORIENTED_EDGE('',*,*,#1639,.T.);
#2041=ORIENTED_EDGE('',*,*,#1640,.T.);
#2042=ORIENTED_EDGE('',*,*,#1641,.T.);
#2043=ORIENTED_EDGE('',*,*,#1637,.T.);
#2044=ORIENTED_EDGE('',*,*,#1623,.F.);
#2045=ORIENTED_EDGE('',*,*,#1642,.F.);
#2046=ORIENTED_EDGE('',*,*,#1640,.F.);
#2047=ORIENTED_EDGE('',*,*,#1643,.F.);
#2048=ORIENTED_EDGE('',*,*,#1644,.F.);
#2049=ORIENTED_EDGE('',*,*,#1645,.T.);
#2050=ORIENTED_EDGE('',*,*,#1646,.F.);
#2051=ORIENTED_EDGE('',*,*,#1647,.F.);
#2052=ORIENTED_EDGE('',*,*,#1648,.F.);
#2053=ORIENTED_EDGE('',*,*,#1649,.F.);
#2054=ORIENTED_EDGE('',*,*,#1650,.T.);
#2055=ORIENTED_EDGE('',*,*,#1651,.T.);
#2056=ORIENTED_EDGE('',*,*,#1652,.F.);
#2057=ORIENTED_EDGE('',*,*,#1646,.T.);
#2058=ORIENTED_EDGE('',*,*,#1653,.T.);
#2059=ORIENTED_EDGE('',*,*,#1650,.F.);
#2060=ORIENTED_EDGE('',*,*,#1654,.F.);
#2061=ORIENTED_EDGE('',*,*,#1651,.F.);
#2062=ORIENTED_EDGE('',*,*,#1653,.F.);
#2063=ORIENTED_EDGE('',*,*,#1645,.F.);
#2064=ORIENTED_EDGE('',*,*,#1655,.T.);
#2065=ORIENTED_EDGE('',*,*,#1656,.T.);
#2066=ORIENTED_EDGE('',*,*,#1657,.T.);
#2067=ORIENTED_EDGE('',*,*,#1658,.T.);
#2068=ORIENTED_EDGE('',*,*,#1659,.T.);
#2069=ORIENTED_EDGE('',*,*,#1660,.T.);
#2070=ORIENTED_EDGE('',*,*,#1661,.T.);
#2071=ORIENTED_EDGE('',*,*,#1662,.T.);
#2072=ORIENTED_EDGE('',*,*,#1647,.T.);
#2073=ORIENTED_EDGE('',*,*,#1652,.T.);
#2074=ORIENTED_EDGE('',*,*,#1649,.T.);
#2075=ORIENTED_EDGE('',*,*,#1663,.T.);
#2076=ORIENTED_EDGE('',*,*,#1664,.T.);
#2077=ORIENTED_EDGE('',*,*,#1665,.T.);
#2078=ORIENTED_EDGE('',*,*,#1666,.T.);
#2079=ORIENTED_EDGE('',*,*,#1667,.T.);
#2080=ORIENTED_EDGE('',*,*,#1668,.T.);
#2081=ORIENTED_EDGE('',*,*,#1669,.T.);
#2082=ORIENTED_EDGE('',*,*,#1670,.T.);
#2083=ORIENTED_EDGE('',*,*,#1671,.T.);
#2084=ORIENTED_EDGE('',*,*,#1669,.F.);
#2085=ORIENTED_EDGE('',*,*,#1672,.T.);
#2086=ORIENTED_EDGE('',*,*,#1673,.T.);
#2087=ORIENTED_EDGE('',*,*,#1674,.F.);
#2088=ORIENTED_EDGE('',*,*,#1668,.F.);
#2089=ORIENTED_EDGE('',*,*,#1675,.T.);
#2090=ORIENTED_EDGE('',*,*,#1676,.T.);
#2091=ORIENTED_EDGE('',*,*,#1672,.F.);
#2092=ORIENTED_EDGE('',*,*,#1667,.F.);
#2093=ORIENTED_EDGE('',*,*,#1677,.T.);
#2094=ORIENTED_EDGE('',*,*,#1678,.T.);
#2095=ORIENTED_EDGE('',*,*,#1675,.F.);
#2096=ORIENTED_EDGE('',*,*,#1666,.F.);
#2097=ORIENTED_EDGE('',*,*,#1679,.T.);
#2098=ORIENTED_EDGE('',*,*,#1680,.T.);
#2099=ORIENTED_EDGE('',*,*,#1677,.F.);
#2100=ORIENTED_EDGE('',*,*,#1665,.F.);
#2101=ORIENTED_EDGE('',*,*,#1681,.T.);
#2102=ORIENTED_EDGE('',*,*,#1682,.T.);
#2103=ORIENTED_EDGE('',*,*,#1679,.F.);
#2104=ORIENTED_EDGE('',*,*,#1642,.T.);
#2105=ORIENTED_EDGE('',*,*,#1622,.F.);
#2106=ORIENTED_EDGE('',*,*,#1626,.T.);
#2107=ORIENTED_EDGE('',*,*,#1629,.F.);
#2108=ORIENTED_EDGE('',*,*,#1632,.T.);
#2109=ORIENTED_EDGE('',*,*,#1635,.F.);
#2110=ORIENTED_EDGE('',*,*,#1638,.T.);
#2111=ORIENTED_EDGE('',*,*,#1641,.F.);
#2112=ORIENTED_EDGE('',*,*,#1664,.F.);
#2113=ORIENTED_EDGE('',*,*,#1683,.T.);
#2114=ORIENTED_EDGE('',*,*,#1684,.T.);
#2115=ORIENTED_EDGE('',*,*,#1681,.F.);
#2116=ORIENTED_EDGE('',*,*,#1644,.T.);
#2117=ORIENTED_EDGE('',*,*,#1671,.F.);
#2118=ORIENTED_EDGE('',*,*,#1685,.T.);
#2119=ORIENTED_EDGE('',*,*,#1686,.T.);
#2120=ORIENTED_EDGE('',*,*,#1683,.F.);
#2121=ORIENTED_EDGE('',*,*,#1663,.F.);
#2122=ORIENTED_EDGE('',*,*,#1648,.T.);
#2123=ORIENTED_EDGE('',*,*,#1654,.T.);
#2124=ORIENTED_EDGE('',*,*,#1670,.F.);
#2125=ORIENTED_EDGE('',*,*,#1674,.T.);
#2126=ORIENTED_EDGE('',*,*,#1687,.T.);
#2127=ORIENTED_EDGE('',*,*,#1685,.F.);
#2128=ORIENTED_EDGE('',*,*,#1687,.F.);
#2129=ORIENTED_EDGE('',*,*,#1673,.F.);
#2130=ORIENTED_EDGE('',*,*,#1676,.F.);
#2131=ORIENTED_EDGE('',*,*,#1678,.F.);
#2132=ORIENTED_EDGE('',*,*,#1680,.F.);
#2133=ORIENTED_EDGE('',*,*,#1682,.F.);
#2134=ORIENTED_EDGE('',*,*,#1684,.F.);
#2135=ORIENTED_EDGE('',*,*,#1686,.F.);
#2136=ORIENTED_EDGE('',*,*,#1656,.F.);
#2137=ORIENTED_EDGE('',*,*,#1688,.T.);
#2138=ORIENTED_EDGE('',*,*,#1689,.F.);
#2139=ORIENTED_EDGE('',*,*,#1690,.F.);
#2140=ORIENTED_EDGE('',*,*,#1657,.F.);
#2141=ORIENTED_EDGE('',*,*,#1690,.T.);
#2142=ORIENTED_EDGE('',*,*,#1691,.F.);
#2143=ORIENTED_EDGE('',*,*,#1692,.F.);
#2144=ORIENTED_EDGE('',*,*,#1658,.F.);
#2145=ORIENTED_EDGE('',*,*,#1692,.T.);
#2146=ORIENTED_EDGE('',*,*,#1693,.F.);
#2147=ORIENTED_EDGE('',*,*,#1694,.F.);
#2148=ORIENTED_EDGE('',*,*,#1659,.F.);
#2149=ORIENTED_EDGE('',*,*,#1694,.T.);
#2150=ORIENTED_EDGE('',*,*,#1695,.F.);
#2151=ORIENTED_EDGE('',*,*,#1696,.F.);
#2152=ORIENTED_EDGE('',*,*,#1660,.F.);
#2153=ORIENTED_EDGE('',*,*,#1696,.T.);
#2154=ORIENTED_EDGE('',*,*,#1697,.F.);
#2155=ORIENTED_EDGE('',*,*,#1698,.F.);
#2156=ORIENTED_EDGE('',*,*,#1630,.T.);
#2157=ORIENTED_EDGE('',*,*,#1627,.F.);
#2158=ORIENTED_EDGE('',*,*,#1624,.T.);
#2159=ORIENTED_EDGE('',*,*,#1620,.F.);
#2160=ORIENTED_EDGE('',*,*,#1643,.T.);
#2161=ORIENTED_EDGE('',*,*,#1639,.F.);
#2162=ORIENTED_EDGE('',*,*,#1636,.T.);
#2163=ORIENTED_EDGE('',*,*,#1633,.F.);
#2164=ORIENTED_EDGE('',*,*,#1661,.F.);
#2165=ORIENTED_EDGE('',*,*,#1698,.T.);
#2166=ORIENTED_EDGE('',*,*,#1699,.F.);
#2167=ORIENTED_EDGE('',*,*,#1700,.F.);
#2168=ORIENTED_EDGE('',*,*,#1662,.F.);
#2169=ORIENTED_EDGE('',*,*,#1700,.T.);
#2170=ORIENTED_EDGE('',*,*,#1701,.F.);
#2171=ORIENTED_EDGE('',*,*,#1702,.F.);
#2172=ORIENTED_EDGE('',*,*,#1655,.F.);
#2173=ORIENTED_EDGE('',*,*,#1702,.T.);
#2174=ORIENTED_EDGE('',*,*,#1703,.F.);
#2175=ORIENTED_EDGE('',*,*,#1688,.F.);
#2176=ORIENTED_EDGE('',*,*,#1703,.T.);
#2177=ORIENTED_EDGE('',*,*,#1701,.T.);
#2178=ORIENTED_EDGE('',*,*,#1699,.T.);
#2179=ORIENTED_EDGE('',*,*,#1697,.T.);
#2180=ORIENTED_EDGE('',*,*,#1695,.T.);
#2181=ORIENTED_EDGE('',*,*,#1693,.T.);
#2182=ORIENTED_EDGE('',*,*,#1691,.T.);
#2183=ORIENTED_EDGE('',*,*,#1689,.T.);
#2184=ORIENTED_EDGE('',*,*,#1704,.F.);
#2185=ORIENTED_EDGE('',*,*,#1705,.F.);
#2186=ORIENTED_EDGE('',*,*,#1706,.F.);
#2187=ORIENTED_EDGE('',*,*,#1707,.T.);
#2188=ORIENTED_EDGE('',*,*,#1708,.F.);
#2189=ORIENTED_EDGE('',*,*,#1707,.F.);
#2190=ORIENTED_EDGE('',*,*,#1709,.F.);
#2191=ORIENTED_EDGE('',*,*,#1710,.T.);
#2192=ORIENTED_EDGE('',*,*,#1711,.F.);
#2193=ORIENTED_EDGE('',*,*,#1710,.F.);
#2194=ORIENTED_EDGE('',*,*,#1712,.F.);
#2195=ORIENTED_EDGE('',*,*,#1713,.T.);
#2196=ORIENTED_EDGE('',*,*,#1714,.F.);
#2197=ORIENTED_EDGE('',*,*,#1713,.F.);
#2198=ORIENTED_EDGE('',*,*,#1715,.F.);
#2199=ORIENTED_EDGE('',*,*,#1716,.T.);
#2200=ORIENTED_EDGE('',*,*,#1717,.F.);
#2201=ORIENTED_EDGE('',*,*,#1716,.F.);
#2202=ORIENTED_EDGE('',*,*,#1718,.F.);
#2203=ORIENTED_EDGE('',*,*,#1719,.T.);
#2204=ORIENTED_EDGE('',*,*,#1720,.F.);
#2205=ORIENTED_EDGE('',*,*,#1719,.F.);
#2206=ORIENTED_EDGE('',*,*,#1721,.F.);
#2207=ORIENTED_EDGE('',*,*,#1722,.T.);
#2208=ORIENTED_EDGE('',*,*,#1723,.F.);
#2209=ORIENTED_EDGE('',*,*,#1722,.F.);
#2210=ORIENTED_EDGE('',*,*,#1724,.F.);
#2211=ORIENTED_EDGE('',*,*,#1725,.T.);
#2212=ORIENTED_EDGE('',*,*,#1726,.F.);
#2213=ORIENTED_EDGE('',*,*,#1725,.F.);
#2214=ORIENTED_EDGE('',*,*,#1727,.F.);
#2215=ORIENTED_EDGE('',*,*,#1705,.T.);
#2216=ORIENTED_EDGE('',*,*,#1728,.T.);
#2217=ORIENTED_EDGE('',*,*,#1729,.T.);
#2218=ORIENTED_EDGE('',*,*,#1730,.F.);
#2219=ORIENTED_EDGE('',*,*,#1731,.F.);
#2220=ORIENTED_EDGE('',*,*,#1732,.T.);
#2221=ORIENTED_EDGE('',*,*,#1731,.T.);
#2222=ORIENTED_EDGE('',*,*,#1733,.F.);
#2223=ORIENTED_EDGE('',*,*,#1734,.F.);
#2224=ORIENTED_EDGE('',*,*,#1735,.T.);
#2225=ORIENTED_EDGE('',*,*,#1734,.T.);
#2226=ORIENTED_EDGE('',*,*,#1736,.F.);
#2227=ORIENTED_EDGE('',*,*,#1737,.F.);
#2228=ORIENTED_EDGE('',*,*,#1738,.T.);
#2229=ORIENTED_EDGE('',*,*,#1737,.T.);
#2230=ORIENTED_EDGE('',*,*,#1739,.F.);
#2231=ORIENTED_EDGE('',*,*,#1740,.F.);
#2232=ORIENTED_EDGE('',*,*,#1741,.T.);
#2233=ORIENTED_EDGE('',*,*,#1740,.T.);
#2234=ORIENTED_EDGE('',*,*,#1742,.F.);
#2235=ORIENTED_EDGE('',*,*,#1743,.F.);
#2236=ORIENTED_EDGE('',*,*,#1744,.T.);
#2237=ORIENTED_EDGE('',*,*,#1743,.T.);
#2238=ORIENTED_EDGE('',*,*,#1745,.F.);
#2239=ORIENTED_EDGE('',*,*,#1746,.F.);
#2240=ORIENTED_EDGE('',*,*,#1747,.T.);
#2241=ORIENTED_EDGE('',*,*,#1746,.T.);
#2242=ORIENTED_EDGE('',*,*,#1748,.F.);
#2243=ORIENTED_EDGE('',*,*,#1749,.F.);
#2244=ORIENTED_EDGE('',*,*,#1750,.T.);
#2245=ORIENTED_EDGE('',*,*,#1749,.T.);
#2246=ORIENTED_EDGE('',*,*,#1751,.F.);
#2247=ORIENTED_EDGE('',*,*,#1729,.F.);
#2248=ORIENTED_EDGE('',*,*,#1751,.T.);
#2249=ORIENTED_EDGE('',*,*,#1748,.T.);
#2250=ORIENTED_EDGE('',*,*,#1745,.T.);
#2251=ORIENTED_EDGE('',*,*,#1742,.T.);
#2252=ORIENTED_EDGE('',*,*,#1739,.T.);
#2253=ORIENTED_EDGE('',*,*,#1736,.T.);
#2254=ORIENTED_EDGE('',*,*,#1733,.T.);
#2255=ORIENTED_EDGE('',*,*,#1730,.T.);
#2256=ORIENTED_EDGE('',*,*,#1717,.T.);
#2257=ORIENTED_EDGE('',*,*,#1720,.T.);
#2258=ORIENTED_EDGE('',*,*,#1723,.T.);
#2259=ORIENTED_EDGE('',*,*,#1726,.T.);
#2260=ORIENTED_EDGE('',*,*,#1704,.T.);
#2261=ORIENTED_EDGE('',*,*,#1708,.T.);
#2262=ORIENTED_EDGE('',*,*,#1711,.T.);
#2263=ORIENTED_EDGE('',*,*,#1714,.T.);
#2264=ORIENTED_EDGE('',*,*,#1750,.F.);
#2265=ORIENTED_EDGE('',*,*,#1728,.F.);
#2266=ORIENTED_EDGE('',*,*,#1732,.F.);
#2267=ORIENTED_EDGE('',*,*,#1735,.F.);
#2268=ORIENTED_EDGE('',*,*,#1738,.F.);
#2269=ORIENTED_EDGE('',*,*,#1741,.F.);
#2270=ORIENTED_EDGE('',*,*,#1744,.F.);
#2271=ORIENTED_EDGE('',*,*,#1747,.F.);
#2272=ORIENTED_EDGE('',*,*,#1718,.T.);
#2273=ORIENTED_EDGE('',*,*,#1715,.T.);
#2274=ORIENTED_EDGE('',*,*,#1712,.T.);
#2275=ORIENTED_EDGE('',*,*,#1709,.T.);
#2276=ORIENTED_EDGE('',*,*,#1706,.T.);
#2277=ORIENTED_EDGE('',*,*,#1727,.T.);
#2278=ORIENTED_EDGE('',*,*,#1724,.T.);
#2279=ORIENTED_EDGE('',*,*,#1721,.T.);
#2280=ORIENTED_EDGE('',*,*,#1752,.F.);
#2281=ORIENTED_EDGE('',*,*,#1753,.T.);
#2282=ORIENTED_EDGE('',*,*,#1754,.F.);
#2283=ORIENTED_EDGE('',*,*,#1755,.F.);
#2284=ORIENTED_EDGE('',*,*,#1756,.F.);
#2285=ORIENTED_EDGE('',*,*,#1755,.T.);
#2286=ORIENTED_EDGE('',*,*,#1757,.F.);
#2287=ORIENTED_EDGE('',*,*,#1758,.F.);
#2288=ORIENTED_EDGE('',*,*,#1759,.F.);
#2289=ORIENTED_EDGE('',*,*,#1758,.T.);
#2290=ORIENTED_EDGE('',*,*,#1760,.F.);
#2291=ORIENTED_EDGE('',*,*,#1761,.F.);
#2292=ORIENTED_EDGE('',*,*,#1762,.F.);
#2293=ORIENTED_EDGE('',*,*,#1761,.T.);
#2294=ORIENTED_EDGE('',*,*,#1763,.F.);
#2295=ORIENTED_EDGE('',*,*,#1753,.F.);
#2296=ORIENTED_EDGE('',*,*,#1762,.T.);
#2297=ORIENTED_EDGE('',*,*,#1752,.T.);
#2298=ORIENTED_EDGE('',*,*,#1756,.T.);
#2299=ORIENTED_EDGE('',*,*,#1759,.T.);
#2300=ORIENTED_EDGE('',*,*,#1763,.T.);
#2301=ORIENTED_EDGE('',*,*,#1760,.T.);
#2302=ORIENTED_EDGE('',*,*,#1757,.T.);
#2303=ORIENTED_EDGE('',*,*,#1754,.T.);
#2304=ORIENTED_EDGE('',*,*,#1764,.F.);
#2305=ORIENTED_EDGE('',*,*,#1765,.T.);
#2306=ORIENTED_EDGE('',*,*,#1766,.F.);
#2307=ORIENTED_EDGE('',*,*,#1767,.F.);
#2308=ORIENTED_EDGE('',*,*,#1768,.F.);
#2309=ORIENTED_EDGE('',*,*,#1767,.T.);
#2310=ORIENTED_EDGE('',*,*,#1769,.F.);
#2311=ORIENTED_EDGE('',*,*,#1770,.F.);
#2312=ORIENTED_EDGE('',*,*,#1771,.F.);
#2313=ORIENTED_EDGE('',*,*,#1770,.T.);
#2314=ORIENTED_EDGE('',*,*,#1772,.F.);
#2315=ORIENTED_EDGE('',*,*,#1773,.F.);
#2316=ORIENTED_EDGE('',*,*,#1774,.F.);
#2317=ORIENTED_EDGE('',*,*,#1773,.T.);
#2318=ORIENTED_EDGE('',*,*,#1775,.F.);
#2319=ORIENTED_EDGE('',*,*,#1765,.F.);
#2320=ORIENTED_EDGE('',*,*,#1774,.T.);
#2321=ORIENTED_EDGE('',*,*,#1764,.T.);
#2322=ORIENTED_EDGE('',*,*,#1768,.T.);
#2323=ORIENTED_EDGE('',*,*,#1771,.T.);
#2324=ORIENTED_EDGE('',*,*,#1775,.T.);
#2325=ORIENTED_EDGE('',*,*,#1772,.T.);
#2326=ORIENTED_EDGE('',*,*,#1769,.T.);
#2327=ORIENTED_EDGE('',*,*,#1766,.T.);
#2328=ORIENTED_EDGE('',*,*,#1776,.F.);
#2329=ORIENTED_EDGE('',*,*,#1777,.T.);
#2330=ORIENTED_EDGE('',*,*,#1778,.F.);
#2331=ORIENTED_EDGE('',*,*,#1779,.F.);
#2332=ORIENTED_EDGE('',*,*,#1780,.F.);
#2333=ORIENTED_EDGE('',*,*,#1779,.T.);
#2334=ORIENTED_EDGE('',*,*,#1781,.F.);
#2335=ORIENTED_EDGE('',*,*,#1782,.F.);
#2336=ORIENTED_EDGE('',*,*,#1783,.F.);
#2337=ORIENTED_EDGE('',*,*,#1782,.T.);
#2338=ORIENTED_EDGE('',*,*,#1784,.F.);
#2339=ORIENTED_EDGE('',*,*,#1785,.F.);
#2340=ORIENTED_EDGE('',*,*,#1786,.F.);
#2341=ORIENTED_EDGE('',*,*,#1785,.T.);
#2342=ORIENTED_EDGE('',*,*,#1787,.F.);
#2343=ORIENTED_EDGE('',*,*,#1777,.F.);
#2344=ORIENTED_EDGE('',*,*,#1786,.T.);
#2345=ORIENTED_EDGE('',*,*,#1776,.T.);
#2346=ORIENTED_EDGE('',*,*,#1780,.T.);
#2347=ORIENTED_EDGE('',*,*,#1783,.T.);
#2348=ORIENTED_EDGE('',*,*,#1787,.T.);
#2349=ORIENTED_EDGE('',*,*,#1784,.T.);
#2350=ORIENTED_EDGE('',*,*,#1781,.T.);
#2351=ORIENTED_EDGE('',*,*,#1778,.T.);
#2352=ORIENTED_EDGE('',*,*,#1788,.F.);
#2353=ORIENTED_EDGE('',*,*,#1789,.T.);
#2354=ORIENTED_EDGE('',*,*,#1790,.F.);
#2355=ORIENTED_EDGE('',*,*,#1791,.F.);
#2356=ORIENTED_EDGE('',*,*,#1792,.F.);
#2357=ORIENTED_EDGE('',*,*,#1791,.T.);
#2358=ORIENTED_EDGE('',*,*,#1793,.F.);
#2359=ORIENTED_EDGE('',*,*,#1794,.F.);
#2360=ORIENTED_EDGE('',*,*,#1795,.F.);
#2361=ORIENTED_EDGE('',*,*,#1794,.T.);
#2362=ORIENTED_EDGE('',*,*,#1796,.F.);
#2363=ORIENTED_EDGE('',*,*,#1797,.F.);
#2364=ORIENTED_EDGE('',*,*,#1798,.F.);
#2365=ORIENTED_EDGE('',*,*,#1797,.T.);
#2366=ORIENTED_EDGE('',*,*,#1799,.F.);
#2367=ORIENTED_EDGE('',*,*,#1789,.F.);
#2368=ORIENTED_EDGE('',*,*,#1798,.T.);
#2369=ORIENTED_EDGE('',*,*,#1788,.T.);
#2370=ORIENTED_EDGE('',*,*,#1792,.T.);
#2371=ORIENTED_EDGE('',*,*,#1795,.T.);
#2372=ORIENTED_EDGE('',*,*,#1799,.T.);
#2373=ORIENTED_EDGE('',*,*,#1796,.T.);
#2374=ORIENTED_EDGE('',*,*,#1793,.T.);
#2375=ORIENTED_EDGE('',*,*,#1790,.T.);
#2376=ORIENTED_EDGE('',*,*,#1800,.F.);
#2377=ORIENTED_EDGE('',*,*,#1801,.F.);
#2378=ORIENTED_EDGE('',*,*,#1802,.F.);
#2379=ORIENTED_EDGE('',*,*,#1803,.T.);
#2380=ORIENTED_EDGE('',*,*,#1804,.F.);
#2381=ORIENTED_EDGE('',*,*,#1803,.F.);
#2382=ORIENTED_EDGE('',*,*,#1805,.F.);
#2383=ORIENTED_EDGE('',*,*,#1806,.F.);
#2384=ORIENTED_EDGE('',*,*,#1807,.F.);
#2385=ORIENTED_EDGE('',*,*,#1808,.F.);
#2386=ORIENTED_EDGE('',*,*,#1809,.F.);
#2387=ORIENTED_EDGE('',*,*,#1801,.T.);
#2388=ORIENTED_EDGE('',*,*,#1807,.T.);
#2389=ORIENTED_EDGE('',*,*,#1800,.T.);
#2390=ORIENTED_EDGE('',*,*,#1804,.T.);
#2391=ORIENTED_EDGE('',*,*,#1810,.T.);
#2392=ORIENTED_EDGE('',*,*,#1811,.T.);
#2393=ORIENTED_EDGE('',*,*,#1812,.T.);
#2394=ORIENTED_EDGE('',*,*,#1813,.T.);
#2395=ORIENTED_EDGE('',*,*,#1814,.T.);
#2396=ORIENTED_EDGE('',*,*,#1815,.T.);
#2397=ORIENTED_EDGE('',*,*,#1816,.T.);
#2398=ORIENTED_EDGE('',*,*,#1817,.T.);
#2399=ORIENTED_EDGE('',*,*,#1818,.T.);
#2400=ORIENTED_EDGE('',*,*,#1806,.T.);
#2401=ORIENTED_EDGE('',*,*,#1819,.F.);
#2402=ORIENTED_EDGE('',*,*,#1820,.T.);
#2403=ORIENTED_EDGE('',*,*,#1810,.F.);
#2404=ORIENTED_EDGE('',*,*,#1821,.F.);
#2405=ORIENTED_EDGE('',*,*,#1822,.T.);
#2406=ORIENTED_EDGE('',*,*,#1816,.F.);
#2407=ORIENTED_EDGE('',*,*,#1823,.F.);
#2408=ORIENTED_EDGE('',*,*,#1824,.F.);
#2409=ORIENTED_EDGE('',*,*,#1823,.T.);
#2410=ORIENTED_EDGE('',*,*,#1815,.F.);
#2411=ORIENTED_EDGE('',*,*,#1825,.F.);
#2412=ORIENTED_EDGE('',*,*,#1826,.F.);
#2413=ORIENTED_EDGE('',*,*,#1825,.T.);
#2414=ORIENTED_EDGE('',*,*,#1814,.F.);
#2415=ORIENTED_EDGE('',*,*,#1827,.F.);
#2416=ORIENTED_EDGE('',*,*,#1828,.F.);
#2417=ORIENTED_EDGE('',*,*,#1827,.T.);
#2418=ORIENTED_EDGE('',*,*,#1813,.F.);
#2419=ORIENTED_EDGE('',*,*,#1829,.F.);
#2420=ORIENTED_EDGE('',*,*,#1830,.F.);
#2421=ORIENTED_EDGE('',*,*,#1829,.T.);
#2422=ORIENTED_EDGE('',*,*,#1812,.F.);
#2423=ORIENTED_EDGE('',*,*,#1831,.F.);
#2424=ORIENTED_EDGE('',*,*,#1832,.F.);
#2425=ORIENTED_EDGE('',*,*,#1831,.T.);
#2426=ORIENTED_EDGE('',*,*,#1811,.F.);
#2427=ORIENTED_EDGE('',*,*,#1820,.F.);
#2428=ORIENTED_EDGE('',*,*,#1808,.T.);
#2429=ORIENTED_EDGE('',*,*,#1818,.F.);
#2430=ORIENTED_EDGE('',*,*,#1833,.F.);
#2431=ORIENTED_EDGE('',*,*,#1834,.F.);
#2432=ORIENTED_EDGE('',*,*,#1835,.F.);
#2433=ORIENTED_EDGE('',*,*,#1833,.T.);
#2434=ORIENTED_EDGE('',*,*,#1817,.F.);
#2435=ORIENTED_EDGE('',*,*,#1822,.F.);
#2436=ORIENTED_EDGE('',*,*,#1809,.T.);
#2437=ORIENTED_EDGE('',*,*,#1834,.T.);
#2438=ORIENTED_EDGE('',*,*,#1835,.T.);
#2439=ORIENTED_EDGE('',*,*,#1821,.T.);
#2440=ORIENTED_EDGE('',*,*,#1824,.T.);
#2441=ORIENTED_EDGE('',*,*,#1826,.T.);
#2442=ORIENTED_EDGE('',*,*,#1828,.T.);
#2443=ORIENTED_EDGE('',*,*,#1830,.T.);
#2444=ORIENTED_EDGE('',*,*,#1832,.T.);
#2445=ORIENTED_EDGE('',*,*,#1819,.T.);
#2446=ORIENTED_EDGE('',*,*,#1805,.T.);
#2447=ORIENTED_EDGE('',*,*,#1802,.T.);
#2448=ORIENTED_EDGE('',*,*,#1836,.T.);
#2449=ORIENTED_EDGE('',*,*,#1837,.T.);
#2450=ORIENTED_EDGE('',*,*,#1838,.F.);
#2451=ORIENTED_EDGE('',*,*,#1839,.F.);
#2452=ORIENTED_EDGE('',*,*,#1840,.T.);
#2453=ORIENTED_EDGE('',*,*,#1839,.T.);
#2454=ORIENTED_EDGE('',*,*,#1841,.F.);
#2455=ORIENTED_EDGE('',*,*,#1842,.F.);
#2456=ORIENTED_EDGE('',*,*,#1843,.T.);
#2457=ORIENTED_EDGE('',*,*,#1842,.T.);
#2458=ORIENTED_EDGE('',*,*,#1844,.F.);
#2459=ORIENTED_EDGE('',*,*,#1845,.F.);
#2460=ORIENTED_EDGE('',*,*,#1846,.T.);
#2461=ORIENTED_EDGE('',*,*,#1845,.T.);
#2462=ORIENTED_EDGE('',*,*,#1847,.F.);
#2463=ORIENTED_EDGE('',*,*,#1837,.F.);
#2464=ORIENTED_EDGE('',*,*,#1847,.T.);
#2465=ORIENTED_EDGE('',*,*,#1844,.T.);
#2466=ORIENTED_EDGE('',*,*,#1841,.T.);
#2467=ORIENTED_EDGE('',*,*,#1838,.T.);
#2468=ORIENTED_EDGE('',*,*,#1846,.F.);
#2469=ORIENTED_EDGE('',*,*,#1836,.F.);
#2470=ORIENTED_EDGE('',*,*,#1840,.F.);
#2471=ORIENTED_EDGE('',*,*,#1843,.F.);
#2472=ORIENTED_EDGE('',*,*,#1848,.T.);
#2473=ORIENTED_EDGE('',*,*,#1849,.T.);
#2474=ORIENTED_EDGE('',*,*,#1850,.F.);
#2475=ORIENTED_EDGE('',*,*,#1851,.F.);
#2476=ORIENTED_EDGE('',*,*,#1852,.T.);
#2477=ORIENTED_EDGE('',*,*,#1851,.T.);
#2478=ORIENTED_EDGE('',*,*,#1853,.F.);
#2479=ORIENTED_EDGE('',*,*,#1854,.F.);
#2480=ORIENTED_EDGE('',*,*,#1855,.T.);
#2481=ORIENTED_EDGE('',*,*,#1854,.T.);
#2482=ORIENTED_EDGE('',*,*,#1856,.F.);
#2483=ORIENTED_EDGE('',*,*,#1857,.F.);
#2484=ORIENTED_EDGE('',*,*,#1858,.T.);
#2485=ORIENTED_EDGE('',*,*,#1857,.T.);
#2486=ORIENTED_EDGE('',*,*,#1859,.F.);
#2487=ORIENTED_EDGE('',*,*,#1849,.F.);
#2488=ORIENTED_EDGE('',*,*,#1859,.T.);
#2489=ORIENTED_EDGE('',*,*,#1856,.T.);
#2490=ORIENTED_EDGE('',*,*,#1853,.T.);
#2491=ORIENTED_EDGE('',*,*,#1850,.T.);
#2492=ORIENTED_EDGE('',*,*,#1858,.F.);
#2493=ORIENTED_EDGE('',*,*,#1848,.F.);
#2494=ORIENTED_EDGE('',*,*,#1852,.F.);
#2495=ORIENTED_EDGE('',*,*,#1855,.F.);
#2496=ORIENTED_EDGE('',*,*,#1860,.T.);
#2497=ORIENTED_EDGE('',*,*,#1861,.T.);
#2498=ORIENTED_EDGE('',*,*,#1862,.F.);
#2499=ORIENTED_EDGE('',*,*,#1863,.F.);
#2500=ORIENTED_EDGE('',*,*,#1864,.T.);
#2501=ORIENTED_EDGE('',*,*,#1863,.T.);
#2502=ORIENTED_EDGE('',*,*,#1865,.F.);
#2503=ORIENTED_EDGE('',*,*,#1866,.F.);
#2504=ORIENTED_EDGE('',*,*,#1867,.T.);
#2505=ORIENTED_EDGE('',*,*,#1866,.T.);
#2506=ORIENTED_EDGE('',*,*,#1868,.F.);
#2507=ORIENTED_EDGE('',*,*,#1869,.F.);
#2508=ORIENTED_EDGE('',*,*,#1870,.T.);
#2509=ORIENTED_EDGE('',*,*,#1869,.T.);
#2510=ORIENTED_EDGE('',*,*,#1871,.F.);
#2511=ORIENTED_EDGE('',*,*,#1861,.F.);
#2512=ORIENTED_EDGE('',*,*,#1871,.T.);
#2513=ORIENTED_EDGE('',*,*,#1868,.T.);
#2514=ORIENTED_EDGE('',*,*,#1865,.T.);
#2515=ORIENTED_EDGE('',*,*,#1862,.T.);
#2516=ORIENTED_EDGE('',*,*,#1870,.F.);
#2517=ORIENTED_EDGE('',*,*,#1860,.F.);
#2518=ORIENTED_EDGE('',*,*,#1864,.F.);
#2519=ORIENTED_EDGE('',*,*,#1867,.F.);
#2520=ORIENTED_EDGE('',*,*,#1872,.T.);
#2521=ORIENTED_EDGE('',*,*,#1873,.T.);
#2522=ORIENTED_EDGE('',*,*,#1874,.F.);
#2523=ORIENTED_EDGE('',*,*,#1875,.F.);
#2524=ORIENTED_EDGE('',*,*,#1876,.T.);
#2525=ORIENTED_EDGE('',*,*,#1875,.T.);
#2526=ORIENTED_EDGE('',*,*,#1877,.F.);
#2527=ORIENTED_EDGE('',*,*,#1878,.F.);
#2528=ORIENTED_EDGE('',*,*,#1879,.T.);
#2529=ORIENTED_EDGE('',*,*,#1878,.T.);
#2530=ORIENTED_EDGE('',*,*,#1880,.F.);
#2531=ORIENTED_EDGE('',*,*,#1881,.F.);
#2532=ORIENTED_EDGE('',*,*,#1882,.T.);
#2533=ORIENTED_EDGE('',*,*,#1881,.T.);
#2534=ORIENTED_EDGE('',*,*,#1883,.F.);
#2535=ORIENTED_EDGE('',*,*,#1873,.F.);
#2536=ORIENTED_EDGE('',*,*,#1883,.T.);
#2537=ORIENTED_EDGE('',*,*,#1880,.T.);
#2538=ORIENTED_EDGE('',*,*,#1877,.T.);
#2539=ORIENTED_EDGE('',*,*,#1874,.T.);
#2540=ORIENTED_EDGE('',*,*,#1882,.F.);
#2541=ORIENTED_EDGE('',*,*,#1872,.F.);
#2542=ORIENTED_EDGE('',*,*,#1876,.F.);
#2543=ORIENTED_EDGE('',*,*,#1879,.F.);
#2544=ORIENTED_EDGE('',*,*,#1884,.T.);
#2545=ORIENTED_EDGE('',*,*,#1885,.T.);
#2546=ORIENTED_EDGE('',*,*,#1886,.F.);
#2547=ORIENTED_EDGE('',*,*,#1887,.F.);
#2548=ORIENTED_EDGE('',*,*,#1888,.T.);
#2549=ORIENTED_EDGE('',*,*,#1887,.T.);
#2550=ORIENTED_EDGE('',*,*,#1889,.F.);
#2551=ORIENTED_EDGE('',*,*,#1890,.F.);
#2552=ORIENTED_EDGE('',*,*,#1891,.T.);
#2553=ORIENTED_EDGE('',*,*,#1890,.T.);
#2554=ORIENTED_EDGE('',*,*,#1892,.F.);
#2555=ORIENTED_EDGE('',*,*,#1893,.F.);
#2556=ORIENTED_EDGE('',*,*,#1894,.T.);
#2557=ORIENTED_EDGE('',*,*,#1893,.T.);
#2558=ORIENTED_EDGE('',*,*,#1895,.F.);
#2559=ORIENTED_EDGE('',*,*,#1885,.F.);
#2560=ORIENTED_EDGE('',*,*,#1895,.T.);
#2561=ORIENTED_EDGE('',*,*,#1892,.T.);
#2562=ORIENTED_EDGE('',*,*,#1889,.T.);
#2563=ORIENTED_EDGE('',*,*,#1886,.T.);
#2564=ORIENTED_EDGE('',*,*,#1894,.F.);
#2565=ORIENTED_EDGE('',*,*,#1884,.F.);
#2566=ORIENTED_EDGE('',*,*,#1888,.F.);
#2567=ORIENTED_EDGE('',*,*,#1891,.F.);
#2568=ORIENTED_EDGE('',*,*,#1896,.T.);
#2569=ORIENTED_EDGE('',*,*,#1897,.T.);
#2570=ORIENTED_EDGE('',*,*,#1898,.F.);
#2571=ORIENTED_EDGE('',*,*,#1899,.F.);
#2572=ORIENTED_EDGE('',*,*,#1900,.T.);
#2573=ORIENTED_EDGE('',*,*,#1899,.T.);
#2574=ORIENTED_EDGE('',*,*,#1901,.F.);
#2575=ORIENTED_EDGE('',*,*,#1902,.F.);
#2576=ORIENTED_EDGE('',*,*,#1903,.T.);
#2577=ORIENTED_EDGE('',*,*,#1902,.T.);
#2578=ORIENTED_EDGE('',*,*,#1904,.F.);
#2579=ORIENTED_EDGE('',*,*,#1905,.F.);
#2580=ORIENTED_EDGE('',*,*,#1906,.T.);
#2581=ORIENTED_EDGE('',*,*,#1905,.T.);
#2582=ORIENTED_EDGE('',*,*,#1907,.F.);
#2583=ORIENTED_EDGE('',*,*,#1897,.F.);
#2584=ORIENTED_EDGE('',*,*,#1907,.T.);
#2585=ORIENTED_EDGE('',*,*,#1904,.T.);
#2586=ORIENTED_EDGE('',*,*,#1901,.T.);
#2587=ORIENTED_EDGE('',*,*,#1898,.T.);
#2588=ORIENTED_EDGE('',*,*,#1906,.F.);
#2589=ORIENTED_EDGE('',*,*,#1896,.F.);
#2590=ORIENTED_EDGE('',*,*,#1900,.F.);
#2591=ORIENTED_EDGE('',*,*,#1903,.F.);
#2592=ORIENTED_EDGE('',*,*,#1908,.T.);
#2593=ORIENTED_EDGE('',*,*,#1909,.T.);
#2594=ORIENTED_EDGE('',*,*,#1910,.F.);
#2595=ORIENTED_EDGE('',*,*,#1911,.F.);
#2596=ORIENTED_EDGE('',*,*,#1912,.T.);
#2597=ORIENTED_EDGE('',*,*,#1911,.T.);
#2598=ORIENTED_EDGE('',*,*,#1913,.F.);
#2599=ORIENTED_EDGE('',*,*,#1914,.F.);
#2600=ORIENTED_EDGE('',*,*,#1915,.T.);
#2601=ORIENTED_EDGE('',*,*,#1914,.T.);
#2602=ORIENTED_EDGE('',*,*,#1916,.F.);
#2603=ORIENTED_EDGE('',*,*,#1917,.F.);
#2604=ORIENTED_EDGE('',*,*,#1918,.T.);
#2605=ORIENTED_EDGE('',*,*,#1917,.T.);
#2606=ORIENTED_EDGE('',*,*,#1919,.F.);
#2607=ORIENTED_EDGE('',*,*,#1909,.F.);
#2608=ORIENTED_EDGE('',*,*,#1919,.T.);
#2609=ORIENTED_EDGE('',*,*,#1916,.T.);
#2610=ORIENTED_EDGE('',*,*,#1913,.T.);
#2611=ORIENTED_EDGE('',*,*,#1910,.T.);
#2612=ORIENTED_EDGE('',*,*,#1918,.F.);
#2613=ORIENTED_EDGE('',*,*,#1908,.F.);
#2614=ORIENTED_EDGE('',*,*,#1912,.F.);
#2615=ORIENTED_EDGE('',*,*,#1915,.F.);
#2616=ORIENTED_EDGE('',*,*,#1920,.T.);
#2617=ORIENTED_EDGE('',*,*,#1921,.T.);
#2618=ORIENTED_EDGE('',*,*,#1922,.F.);
#2619=ORIENTED_EDGE('',*,*,#1923,.F.);
#2620=ORIENTED_EDGE('',*,*,#1924,.T.);
#2621=ORIENTED_EDGE('',*,*,#1923,.T.);
#2622=ORIENTED_EDGE('',*,*,#1925,.F.);
#2623=ORIENTED_EDGE('',*,*,#1926,.F.);
#2624=ORIENTED_EDGE('',*,*,#1927,.T.);
#2625=ORIENTED_EDGE('',*,*,#1926,.T.);
#2626=ORIENTED_EDGE('',*,*,#1928,.F.);
#2627=ORIENTED_EDGE('',*,*,#1929,.F.);
#2628=ORIENTED_EDGE('',*,*,#1930,.T.);
#2629=ORIENTED_EDGE('',*,*,#1929,.T.);
#2630=ORIENTED_EDGE('',*,*,#1931,.F.);
#2631=ORIENTED_EDGE('',*,*,#1921,.F.);
#2632=ORIENTED_EDGE('',*,*,#1931,.T.);
#2633=ORIENTED_EDGE('',*,*,#1928,.T.);
#2634=ORIENTED_EDGE('',*,*,#1925,.T.);
#2635=ORIENTED_EDGE('',*,*,#1922,.T.);
#2636=ORIENTED_EDGE('',*,*,#1930,.F.);
#2637=ORIENTED_EDGE('',*,*,#1920,.F.);
#2638=ORIENTED_EDGE('',*,*,#1924,.F.);
#2639=ORIENTED_EDGE('',*,*,#1927,.F.);
#2640=ORIENTED_EDGE('',*,*,#1932,.T.);
#2641=ORIENTED_EDGE('',*,*,#1933,.T.);
#2642=ORIENTED_EDGE('',*,*,#1934,.F.);
#2643=ORIENTED_EDGE('',*,*,#1935,.F.);
#2644=ORIENTED_EDGE('',*,*,#1936,.T.);
#2645=ORIENTED_EDGE('',*,*,#1935,.T.);
#2646=ORIENTED_EDGE('',*,*,#1937,.F.);
#2647=ORIENTED_EDGE('',*,*,#1938,.F.);
#2648=ORIENTED_EDGE('',*,*,#1939,.T.);
#2649=ORIENTED_EDGE('',*,*,#1938,.T.);
#2650=ORIENTED_EDGE('',*,*,#1940,.F.);
#2651=ORIENTED_EDGE('',*,*,#1941,.F.);
#2652=ORIENTED_EDGE('',*,*,#1942,.T.);
#2653=ORIENTED_EDGE('',*,*,#1941,.T.);
#2654=ORIENTED_EDGE('',*,*,#1943,.F.);
#2655=ORIENTED_EDGE('',*,*,#1933,.F.);
#2656=ORIENTED_EDGE('',*,*,#1943,.T.);
#2657=ORIENTED_EDGE('',*,*,#1940,.T.);
#2658=ORIENTED_EDGE('',*,*,#1937,.T.);
#2659=ORIENTED_EDGE('',*,*,#1934,.T.);
#2660=ORIENTED_EDGE('',*,*,#1942,.F.);
#2661=ORIENTED_EDGE('',*,*,#1932,.F.);
#2662=ORIENTED_EDGE('',*,*,#1936,.F.);
#2663=ORIENTED_EDGE('',*,*,#1939,.F.);
#2664=ORIENTED_EDGE('',*,*,#1944,.T.);
#2665=ORIENTED_EDGE('',*,*,#1945,.T.);
#2666=ORIENTED_EDGE('',*,*,#1946,.F.);
#2667=ORIENTED_EDGE('',*,*,#1947,.F.);
#2668=ORIENTED_EDGE('',*,*,#1948,.T.);
#2669=ORIENTED_EDGE('',*,*,#1947,.T.);
#2670=ORIENTED_EDGE('',*,*,#1949,.F.);
#2671=ORIENTED_EDGE('',*,*,#1950,.F.);
#2672=ORIENTED_EDGE('',*,*,#1951,.T.);
#2673=ORIENTED_EDGE('',*,*,#1950,.T.);
#2674=ORIENTED_EDGE('',*,*,#1952,.F.);
#2675=ORIENTED_EDGE('',*,*,#1953,.F.);
#2676=ORIENTED_EDGE('',*,*,#1954,.T.);
#2677=ORIENTED_EDGE('',*,*,#1953,.T.);
#2678=ORIENTED_EDGE('',*,*,#1955,.F.);
#2679=ORIENTED_EDGE('',*,*,#1945,.F.);
#2680=ORIENTED_EDGE('',*,*,#1955,.T.);
#2681=ORIENTED_EDGE('',*,*,#1952,.T.);
#2682=ORIENTED_EDGE('',*,*,#1949,.T.);
#2683=ORIENTED_EDGE('',*,*,#1946,.T.);
#2684=ORIENTED_EDGE('',*,*,#1954,.F.);
#2685=ORIENTED_EDGE('',*,*,#1944,.F.);
#2686=ORIENTED_EDGE('',*,*,#1948,.F.);
#2687=ORIENTED_EDGE('',*,*,#1951,.F.);
#2688=ORIENTED_EDGE('',*,*,#1956,.F.);
#2689=ORIENTED_EDGE('',*,*,#1957,.T.);
#2690=ORIENTED_EDGE('',*,*,#1958,.F.);
#2691=ORIENTED_EDGE('',*,*,#1959,.F.);
#2692=ORIENTED_EDGE('',*,*,#1960,.F.);
#2693=ORIENTED_EDGE('',*,*,#1959,.T.);
#2694=ORIENTED_EDGE('',*,*,#1961,.F.);
#2695=ORIENTED_EDGE('',*,*,#1962,.F.);
#2696=ORIENTED_EDGE('',*,*,#1963,.F.);
#2697=ORIENTED_EDGE('',*,*,#1962,.T.);
#2698=ORIENTED_EDGE('',*,*,#1964,.F.);
#2699=ORIENTED_EDGE('',*,*,#1965,.F.);
#2700=ORIENTED_EDGE('',*,*,#1966,.F.);
#2701=ORIENTED_EDGE('',*,*,#1965,.T.);
#2702=ORIENTED_EDGE('',*,*,#1967,.F.);
#2703=ORIENTED_EDGE('',*,*,#1957,.F.);
#2704=ORIENTED_EDGE('',*,*,#1966,.T.);
#2705=ORIENTED_EDGE('',*,*,#1956,.T.);
#2706=ORIENTED_EDGE('',*,*,#1960,.T.);
#2707=ORIENTED_EDGE('',*,*,#1963,.T.);
#2708=ORIENTED_EDGE('',*,*,#1967,.T.);
#2709=ORIENTED_EDGE('',*,*,#1964,.T.);
#2710=ORIENTED_EDGE('',*,*,#1961,.T.);
#2711=ORIENTED_EDGE('',*,*,#1958,.T.);
#2712=ORIENTED_EDGE('',*,*,#1968,.T.);
#2713=ORIENTED_EDGE('',*,*,#1969,.T.);
#2714=ORIENTED_EDGE('',*,*,#1970,.F.);
#2715=ORIENTED_EDGE('',*,*,#1971,.F.);
#2716=ORIENTED_EDGE('',*,*,#1972,.T.);
#2717=ORIENTED_EDGE('',*,*,#1971,.T.);
#2718=ORIENTED_EDGE('',*,*,#1973,.F.);
#2719=ORIENTED_EDGE('',*,*,#1974,.F.);
#2720=ORIENTED_EDGE('',*,*,#1975,.T.);
#2721=ORIENTED_EDGE('',*,*,#1974,.T.);
#2722=ORIENTED_EDGE('',*,*,#1976,.F.);
#2723=ORIENTED_EDGE('',*,*,#1977,.F.);
#2724=ORIENTED_EDGE('',*,*,#1978,.T.);
#2725=ORIENTED_EDGE('',*,*,#1977,.T.);
#2726=ORIENTED_EDGE('',*,*,#1979,.F.);
#2727=ORIENTED_EDGE('',*,*,#1969,.F.);
#2728=ORIENTED_EDGE('',*,*,#1979,.T.);
#2729=ORIENTED_EDGE('',*,*,#1976,.T.);
#2730=ORIENTED_EDGE('',*,*,#1973,.T.);
#2731=ORIENTED_EDGE('',*,*,#1970,.T.);
#2732=ORIENTED_EDGE('',*,*,#1978,.F.);
#2733=ORIENTED_EDGE('',*,*,#1968,.F.);
#2734=ORIENTED_EDGE('',*,*,#1972,.F.);
#2735=ORIENTED_EDGE('',*,*,#1975,.F.);
#2736=ORIENTED_EDGE('',*,*,#1980,.F.);
#2737=ORIENTED_EDGE('',*,*,#1981,.T.);
#2738=ORIENTED_EDGE('',*,*,#1982,.F.);
#2739=ORIENTED_EDGE('',*,*,#1983,.F.);
#2740=ORIENTED_EDGE('',*,*,#1984,.F.);
#2741=ORIENTED_EDGE('',*,*,#1983,.T.);
#2742=ORIENTED_EDGE('',*,*,#1985,.F.);
#2743=ORIENTED_EDGE('',*,*,#1986,.F.);
#2744=ORIENTED_EDGE('',*,*,#1987,.F.);
#2745=ORIENTED_EDGE('',*,*,#1986,.T.);
#2746=ORIENTED_EDGE('',*,*,#1988,.F.);
#2747=ORIENTED_EDGE('',*,*,#1989,.F.);
#2748=ORIENTED_EDGE('',*,*,#1990,.F.);
#2749=ORIENTED_EDGE('',*,*,#1989,.T.);
#2750=ORIENTED_EDGE('',*,*,#1991,.F.);
#2751=ORIENTED_EDGE('',*,*,#1992,.F.);
#2752=ORIENTED_EDGE('',*,*,#1993,.F.);
#2753=ORIENTED_EDGE('',*,*,#1992,.T.);
#2754=ORIENTED_EDGE('',*,*,#1994,.F.);
#2755=ORIENTED_EDGE('',*,*,#1995,.F.);
#2756=ORIENTED_EDGE('',*,*,#1996,.F.);
#2757=ORIENTED_EDGE('',*,*,#1995,.T.);
#2758=ORIENTED_EDGE('',*,*,#1997,.F.);
#2759=ORIENTED_EDGE('',*,*,#1998,.F.);
#2760=ORIENTED_EDGE('',*,*,#1999,.F.);
#2761=ORIENTED_EDGE('',*,*,#1998,.T.);
#2762=ORIENTED_EDGE('',*,*,#2000,.F.);
#2763=ORIENTED_EDGE('',*,*,#2001,.F.);
#2764=ORIENTED_EDGE('',*,*,#2002,.F.);
#2765=ORIENTED_EDGE('',*,*,#2001,.T.);
#2766=ORIENTED_EDGE('',*,*,#2003,.F.);
#2767=ORIENTED_EDGE('',*,*,#1981,.F.);
#2768=ORIENTED_EDGE('',*,*,#2002,.T.);
#2769=ORIENTED_EDGE('',*,*,#1980,.T.);
#2770=ORIENTED_EDGE('',*,*,#1984,.T.);
#2771=ORIENTED_EDGE('',*,*,#1987,.T.);
#2772=ORIENTED_EDGE('',*,*,#1990,.T.);
#2773=ORIENTED_EDGE('',*,*,#1993,.T.);
#2774=ORIENTED_EDGE('',*,*,#1996,.T.);
#2775=ORIENTED_EDGE('',*,*,#1999,.T.);
#2776=ORIENTED_EDGE('',*,*,#2003,.T.);
#2777=ORIENTED_EDGE('',*,*,#2000,.T.);
#2778=ORIENTED_EDGE('',*,*,#1997,.T.);
#2779=ORIENTED_EDGE('',*,*,#1994,.T.);
#2780=ORIENTED_EDGE('',*,*,#1991,.T.);
#2781=ORIENTED_EDGE('',*,*,#1988,.T.);
#2782=ORIENTED_EDGE('',*,*,#1985,.T.);
#2783=ORIENTED_EDGE('',*,*,#1982,.T.);
#2784=ORIENTED_EDGE('',*,*,#2004,.F.);
#2785=ORIENTED_EDGE('',*,*,#2005,.T.);
#2786=ORIENTED_EDGE('',*,*,#2006,.F.);
#2787=ORIENTED_EDGE('',*,*,#2005,.F.);
#2788=ORIENTED_EDGE('',*,*,#2006,.T.);
#2789=ORIENTED_EDGE('',*,*,#2004,.T.);
#2790=ORIENTED_EDGE('',*,*,#2007,.F.);
#2791=ORIENTED_EDGE('',*,*,#2008,.T.);
#2792=ORIENTED_EDGE('',*,*,#2009,.F.);
#2793=ORIENTED_EDGE('',*,*,#2008,.F.);
#2794=ORIENTED_EDGE('',*,*,#2009,.T.);
#2795=ORIENTED_EDGE('',*,*,#2007,.T.);
#2796=ORIENTED_EDGE('',*,*,#2010,.F.);
#2797=ORIENTED_EDGE('',*,*,#2011,.T.);
#2798=ORIENTED_EDGE('',*,*,#2012,.F.);
#2799=ORIENTED_EDGE('',*,*,#2011,.F.);
#2800=ORIENTED_EDGE('',*,*,#2012,.T.);
#2801=ORIENTED_EDGE('',*,*,#2010,.T.);
#2802=ORIENTED_EDGE('',*,*,#2013,.F.);
#2803=ORIENTED_EDGE('',*,*,#2014,.T.);
#2804=ORIENTED_EDGE('',*,*,#2015,.F.);
#2805=ORIENTED_EDGE('',*,*,#2014,.F.);
#2806=ORIENTED_EDGE('',*,*,#2015,.T.);
#2807=ORIENTED_EDGE('',*,*,#2013,.T.);
#2808=CYLINDRICAL_SURFACE('',#3136,1.);
#2809=CYLINDRICAL_SURFACE('',#3140,1.);
#2810=CYLINDRICAL_SURFACE('',#3144,1.);
#2811=CYLINDRICAL_SURFACE('',#3148,1.);
#2812=CYLINDRICAL_SURFACE('',#3166,6.99999999999999);
#2813=CYLINDRICAL_SURFACE('',#3169,6.99999999999999);
#2814=CYLINDRICAL_SURFACE('',#3172,6.99999999999999);
#2815=CYLINDRICAL_SURFACE('',#3175,6.99999999999999);
#2816=CYLINDRICAL_SURFACE('',#3179,8.5);
#2817=CYLINDRICAL_SURFACE('',#3182,8.5);
#2818=CYLINDRICAL_SURFACE('',#3185,8.5);
#2819=CYLINDRICAL_SURFACE('',#3188,8.5);
#2820=CYLINDRICAL_SURFACE('',#3192,1.49999999999999);
#2821=CYLINDRICAL_SURFACE('',#3196,1.49999999999999);
#2822=CYLINDRICAL_SURFACE('',#3200,1.49999999999999);
#2823=CYLINDRICAL_SURFACE('',#3204,1.49999999999999);
#2824=CYLINDRICAL_SURFACE('',#3208,8.5);
#2825=CYLINDRICAL_SURFACE('',#3212,8.5);
#2826=CYLINDRICAL_SURFACE('',#3216,8.5);
#2827=CYLINDRICAL_SURFACE('',#3220,8.5);
#2828=CYLINDRICAL_SURFACE('',#3262,6.99999999999999);
#2829=CYLINDRICAL_SURFACE('',#3265,6.99999999999999);
#2830=CYLINDRICAL_SURFACE('',#3268,6.99999999999999);
#2831=CYLINDRICAL_SURFACE('',#3271,6.99999999999999);
#2832=CYLINDRICAL_SURFACE('',#3349,4.);
#2833=CYLINDRICAL_SURFACE('',#3353,4.);
#2834=CYLINDRICAL_SURFACE('',#3357,4.);
#2835=CYLINDRICAL_SURFACE('',#3361,4.);
#2836=CYLINDRICAL_SURFACE('',#3367,5.);
#2837=CYLINDRICAL_SURFACE('',#3373,1.3);
#2838=CYLINDRICAL_SURFACE('',#3378,1.3);
#2839=CYLINDRICAL_SURFACE('',#3383,1.3);
#2840=ADVANCED_FACE('',(#261),#2808,.F.);
#2841=ADVANCED_FACE('',(#262),#112,.F.);
#2842=ADVANCED_FACE('',(#263),#2809,.F.);
#2843=ADVANCED_FACE('',(#264),#113,.F.);
#2844=ADVANCED_FACE('',(#265),#2810,.F.);
#2845=ADVANCED_FACE('',(#266),#114,.F.);
#2846=ADVANCED_FACE('',(#267),#2811,.F.);
#2847=ADVANCED_FACE('',(#268),#115,.F.);
#2848=ADVANCED_FACE('',(#269),#116,.F.);
#2849=ADVANCED_FACE('',(#270),#117,.F.);
#2850=ADVANCED_FACE('',(#271),#118,.F.);
#2851=ADVANCED_FACE('',(#272),#119,.F.);
#2852=ADVANCED_FACE('',(#273,#107),#120,.T.);
#2853=ADVANCED_FACE('',(#274),#121,.F.);
#2854=ADVANCED_FACE('',(#275),#2812,.F.);
#2855=ADVANCED_FACE('',(#276),#122,.F.);
#2856=ADVANCED_FACE('',(#277),#2813,.F.);
#2857=ADVANCED_FACE('',(#278,#108),#123,.F.);
#2858=ADVANCED_FACE('',(#279),#2814,.F.);
#2859=ADVANCED_FACE('',(#280),#124,.F.);
#2860=ADVANCED_FACE('',(#281),#2815,.F.);
#2861=ADVANCED_FACE('',(#282),#125,.T.);
#2862=ADVANCED_FACE('',(#283),#126,.T.);
#2863=ADVANCED_FACE('',(#284),#2816,.T.);
#2864=ADVANCED_FACE('',(#285),#127,.T.);
#2865=ADVANCED_FACE('',(#286),#2817,.T.);
#2866=ADVANCED_FACE('',(#287,#109),#128,.T.);
#2867=ADVANCED_FACE('',(#288),#2818,.T.);
#2868=ADVANCED_FACE('',(#289),#129,.T.);
#2869=ADVANCED_FACE('',(#290),#2819,.T.);
#2870=ADVANCED_FACE('',(#291),#130,.F.);
#2871=ADVANCED_FACE('',(#292),#131,.F.);
#2872=ADVANCED_FACE('',(#293),#2820,.F.);
#2873=ADVANCED_FACE('',(#294),#132,.F.);
#2874=ADVANCED_FACE('',(#295),#2821,.F.);
#2875=ADVANCED_FACE('',(#296),#133,.F.);
#2876=ADVANCED_FACE('',(#297),#2822,.F.);
#2877=ADVANCED_FACE('',(#298),#134,.F.);
#2878=ADVANCED_FACE('',(#299),#2823,.F.);
#2879=ADVANCED_FACE('',(#300),#135,.T.);
#2880=ADVANCED_FACE('',(#301),#2824,.T.);
#2881=ADVANCED_FACE('',(#302),#136,.T.);
#2882=ADVANCED_FACE('',(#303),#2825,.T.);
#2883=ADVANCED_FACE('',(#304),#137,.T.);
#2884=ADVANCED_FACE('',(#305),#2826,.T.);
#2885=ADVANCED_FACE('',(#306),#138,.T.);
#2886=ADVANCED_FACE('',(#307),#2827,.T.);
#2887=ADVANCED_FACE('',(#308,#110),#139,.T.);
#2888=ADVANCED_FACE('',(#309,#111),#140,.F.);
#2889=ADVANCED_FACE('',(#310),#141,.T.);
#2890=ADVANCED_FACE('',(#311),#142,.T.);
#2891=ADVANCED_FACE('',(#312),#143,.T.);
#2892=ADVANCED_FACE('',(#313),#144,.T.);
#2893=ADVANCED_FACE('',(#314),#145,.T.);
#2894=ADVANCED_FACE('',(#315),#146,.T.);
#2895=ADVANCED_FACE('',(#316),#147,.T.);
#2896=ADVANCED_FACE('',(#317),#148,.T.);
#2897=ADVANCED_FACE('',(#318),#149,.T.);
#2898=ADVANCED_FACE('',(#319),#150,.T.);
#2899=ADVANCED_FACE('',(#320),#151,.T.);
#2900=ADVANCED_FACE('',(#321),#152,.T.);
#2901=ADVANCED_FACE('',(#322),#153,.T.);
#2902=ADVANCED_FACE('',(#323),#154,.T.);
#2903=ADVANCED_FACE('',(#324),#155,.T.);
#2904=ADVANCED_FACE('',(#325),#156,.T.);
#2905=ADVANCED_FACE('',(#326),#157,.T.);
#2906=ADVANCED_FACE('',(#327),#158,.T.);
#2907=ADVANCED_FACE('',(#328),#159,.T.);
#2908=ADVANCED_FACE('',(#329),#160,.T.);
#2909=ADVANCED_FACE('',(#330),#161,.T.);
#2910=ADVANCED_FACE('',(#331),#162,.T.);
#2911=ADVANCED_FACE('',(#332),#163,.T.);
#2912=ADVANCED_FACE('',(#333),#164,.T.);
#2913=ADVANCED_FACE('',(#334),#165,.F.);
#2914=ADVANCED_FACE('',(#335),#166,.F.);
#2915=ADVANCED_FACE('',(#336),#167,.F.);
#2916=ADVANCED_FACE('',(#337),#168,.F.);
#2917=ADVANCED_FACE('',(#338),#169,.T.);
#2918=ADVANCED_FACE('',(#339),#170,.T.);
#2919=ADVANCED_FACE('',(#340),#2828,.T.);
#2920=ADVANCED_FACE('',(#341),#171,.T.);
#2921=ADVANCED_FACE('',(#342),#2829,.T.);
#2922=ADVANCED_FACE('',(#343),#172,.T.);
#2923=ADVANCED_FACE('',(#344),#2830,.T.);
#2924=ADVANCED_FACE('',(#345),#173,.T.);
#2925=ADVANCED_FACE('',(#346),#2831,.T.);
#2926=ADVANCED_FACE('',(#347),#174,.T.);
#2927=ADVANCED_FACE('',(#348),#175,.T.);
#2928=ADVANCED_FACE('',(#349),#176,.T.);
#2929=ADVANCED_FACE('',(#350),#177,.T.);
#2930=ADVANCED_FACE('',(#351),#178,.T.);
#2931=ADVANCED_FACE('',(#352),#179,.T.);
#2932=ADVANCED_FACE('',(#353),#180,.F.);
#2933=ADVANCED_FACE('',(#354),#181,.T.);
#2934=ADVANCED_FACE('',(#355),#182,.T.);
#2935=ADVANCED_FACE('',(#356),#183,.T.);
#2936=ADVANCED_FACE('',(#357),#184,.T.);
#2937=ADVANCED_FACE('',(#358),#185,.T.);
#2938=ADVANCED_FACE('',(#359),#186,.F.);
#2939=ADVANCED_FACE('',(#360),#187,.T.);
#2940=ADVANCED_FACE('',(#361),#188,.T.);
#2941=ADVANCED_FACE('',(#362),#189,.T.);
#2942=ADVANCED_FACE('',(#363),#190,.T.);
#2943=ADVANCED_FACE('',(#364),#191,.T.);
#2944=ADVANCED_FACE('',(#365),#192,.F.);
#2945=ADVANCED_FACE('',(#366),#193,.T.);
#2946=ADVANCED_FACE('',(#367),#194,.T.);
#2947=ADVANCED_FACE('',(#368),#195,.T.);
#2948=ADVANCED_FACE('',(#369),#196,.T.);
#2949=ADVANCED_FACE('',(#370),#197,.T.);
#2950=ADVANCED_FACE('',(#371),#198,.F.);
#2951=ADVANCED_FACE('',(#372),#199,.T.);
#2952=ADVANCED_FACE('',(#373),#200,.T.);
#2953=ADVANCED_FACE('',(#374),#201,.T.);
#2954=ADVANCED_FACE('',(#375),#202,.T.);
#2955=ADVANCED_FACE('',(#376),#203,.T.);
#2956=ADVANCED_FACE('',(#377),#204,.F.);
#2957=ADVANCED_FACE('',(#378),#205,.T.);
#2958=ADVANCED_FACE('',(#379),#206,.T.);
#2959=ADVANCED_FACE('',(#380),#207,.T.);
#2960=ADVANCED_FACE('',(#381),#208,.T.);
#2961=ADVANCED_FACE('',(#382),#209,.T.);
#2962=ADVANCED_FACE('',(#383),#210,.F.);
#2963=ADVANCED_FACE('',(#384),#211,.T.);
#2964=ADVANCED_FACE('',(#385),#212,.T.);
#2965=ADVANCED_FACE('',(#386),#213,.T.);
#2966=ADVANCED_FACE('',(#387),#214,.T.);
#2967=ADVANCED_FACE('',(#388),#215,.T.);
#2968=ADVANCED_FACE('',(#389),#216,.F.);
#2969=ADVANCED_FACE('',(#390),#217,.T.);
#2970=ADVANCED_FACE('',(#391),#218,.T.);
#2971=ADVANCED_FACE('',(#392),#219,.T.);
#2972=ADVANCED_FACE('',(#393),#220,.T.);
#2973=ADVANCED_FACE('',(#394),#221,.T.);
#2974=ADVANCED_FACE('',(#395),#222,.F.);
#2975=ADVANCED_FACE('',(#396),#223,.T.);
#2976=ADVANCED_FACE('',(#397),#224,.T.);
#2977=ADVANCED_FACE('',(#398),#225,.T.);
#2978=ADVANCED_FACE('',(#399),#226,.T.);
#2979=ADVANCED_FACE('',(#400),#227,.T.);
#2980=ADVANCED_FACE('',(#401),#228,.F.);
#2981=ADVANCED_FACE('',(#402),#229,.T.);
#2982=ADVANCED_FACE('',(#403),#230,.T.);
#2983=ADVANCED_FACE('',(#404),#231,.T.);
#2984=ADVANCED_FACE('',(#405),#232,.T.);
#2985=ADVANCED_FACE('',(#406),#233,.T.);
#2986=ADVANCED_FACE('',(#407),#234,.F.);
#2987=ADVANCED_FACE('',(#408),#235,.T.);
#2988=ADVANCED_FACE('',(#409),#236,.T.);
#2989=ADVANCED_FACE('',(#410),#237,.T.);
#2990=ADVANCED_FACE('',(#411),#238,.T.);
#2991=ADVANCED_FACE('',(#412),#239,.T.);
#2992=ADVANCED_FACE('',(#413),#240,.T.);
#2993=ADVANCED_FACE('',(#414),#241,.T.);
#2994=ADVANCED_FACE('',(#415),#242,.T.);
#2995=ADVANCED_FACE('',(#416),#243,.T.);
#2996=ADVANCED_FACE('',(#417),#244,.T.);
#2997=ADVANCED_FACE('',(#418),#245,.T.);
#2998=ADVANCED_FACE('',(#419),#246,.F.);
#2999=ADVANCED_FACE('',(#420),#247,.T.);
#3000=ADVANCED_FACE('',(#421),#2832,.T.);
#3001=ADVANCED_FACE('',(#422),#248,.T.);
#3002=ADVANCED_FACE('',(#423),#2833,.T.);
#3003=ADVANCED_FACE('',(#424),#249,.T.);
#3004=ADVANCED_FACE('',(#425),#2834,.T.);
#3005=ADVANCED_FACE('',(#426),#250,.T.);
#3006=ADVANCED_FACE('',(#427),#2835,.T.);
#3007=ADVANCED_FACE('',(#428),#251,.T.);
#3008=ADVANCED_FACE('',(#429),#252,.F.);
#3009=ADVANCED_FACE('',(#430),#2836,.T.);
#3010=ADVANCED_FACE('',(#431),#253,.T.);
#3011=ADVANCED_FACE('',(#432),#254,.F.);
#3012=ADVANCED_FACE('',(#433),#2837,.T.);
#3013=ADVANCED_FACE('',(#434),#255,.T.);
#3014=ADVANCED_FACE('',(#435),#256,.F.);
#3015=ADVANCED_FACE('',(#436),#2838,.T.);
#3016=ADVANCED_FACE('',(#437),#257,.T.);
#3017=ADVANCED_FACE('',(#438),#258,.F.);
#3018=ADVANCED_FACE('',(#439),#2839,.T.);
#3019=ADVANCED_FACE('',(#440),#259,.T.);
#3020=ADVANCED_FACE('',(#441),#260,.F.);
#3021=CLOSED_SHELL('',(#2840,#2841,#2842,#2843,#2844,#2845,#2846,#2847,
#2848,#2849,#2850,#2851,#2852,#2853,#2854,#2855,#2856,#2857,#2858,#2859,
#2860,#2861,#2862,#2863,#2864,#2865,#2866,#2867,#2868,#2869,#2870));
#3022=CLOSED_SHELL('',(#2871,#2872,#2873,#2874,#2875,#2876,#2877,#2878,
#2879,#2880,#2881,#2882,#2883,#2884,#2885,#2886,#2887,#2888));
#3023=CLOSED_SHELL('',(#2889,#2890,#2891,#2892,#2893,#2894));
#3024=CLOSED_SHELL('',(#2895,#2896,#2897,#2898,#2899,#2900));
#3025=CLOSED_SHELL('',(#2901,#2902,#2903,#2904,#2905,#2906));
#3026=CLOSED_SHELL('',(#2907,#2908,#2909,#2910,#2911,#2912));
#3027=CLOSED_SHELL('',(#2913,#2914,#2915,#2916,#2917,#2918,#2919,#2920,
#2921,#2922,#2923,#2924,#2925,#2926));
#3028=CLOSED_SHELL('',(#2927,#2928,#2929,#2930,#2931,#2932));
#3029=CLOSED_SHELL('',(#2933,#2934,#2935,#2936,#2937,#2938));
#3030=CLOSED_SHELL('',(#2939,#2940,#2941,#2942,#2943,#2944));
#3031=CLOSED_SHELL('',(#2945,#2946,#2947,#2948,#2949,#2950));
#3032=CLOSED_SHELL('',(#2951,#2952,#2953,#2954,#2955,#2956));
#3033=CLOSED_SHELL('',(#2957,#2958,#2959,#2960,#2961,#2962));
#3034=CLOSED_SHELL('',(#2963,#2964,#2965,#2966,#2967,#2968));
#3035=CLOSED_SHELL('',(#2969,#2970,#2971,#2972,#2973,#2974));
#3036=CLOSED_SHELL('',(#2975,#2976,#2977,#2978,#2979,#2980));
#3037=CLOSED_SHELL('',(#2981,#2982,#2983,#2984,#2985,#2986));
#3038=CLOSED_SHELL('',(#2987,#2988,#2989,#2990,#2991,#2992));
#3039=CLOSED_SHELL('',(#2993,#2994,#2995,#2996,#2997,#2998));
#3040=CLOSED_SHELL('',(#2999,#3000,#3001,#3002,#3003,#3004,#3005,#3006,
#3007,#3008));
#3041=CLOSED_SHELL('',(#3009,#3010,#3011));
#3042=CLOSED_SHELL('',(#3012,#3013,#3014));
#3043=CLOSED_SHELL('',(#3015,#3016,#3017));
#3044=CLOSED_SHELL('',(#3018,#3019,#3020));
#3045=DERIVED_UNIT_ELEMENT(#3061,1.);
#3046=DERIVED_UNIT_ELEMENT(#5131,-3.);
#3047=DERIVED_UNIT_ELEMENT(#3061,1.);
#3048=DERIVED_UNIT_ELEMENT(#5131,-3.);
#3049=DERIVED_UNIT_ELEMENT(#3061,1.);
#3050=DERIVED_UNIT_ELEMENT(#5131,-3.);
#3051=DERIVED_UNIT_ELEMENT(#3061,1.);
#3052=DERIVED_UNIT_ELEMENT(#5131,-3.);
#3053=DERIVED_UNIT_ELEMENT(#3061,1.);
#3054=DERIVED_UNIT_ELEMENT(#5131,-3.);
#3055=DERIVED_UNIT_ELEMENT(#3061,1.);
#3056=DERIVED_UNIT_ELEMENT(#5131,-3.);
#3057=DERIVED_UNIT_ELEMENT(#3061,1.);
#3058=DERIVED_UNIT_ELEMENT(#5131,-3.);
#3059=DERIVED_UNIT_ELEMENT(#3061,1.);
#3060=DERIVED_UNIT_ELEMENT(#5131,-3.);
#3061=(
MASS_UNIT()
NAMED_UNIT(*)
SI_UNIT(.KILO.,.GRAM.)
);
#3062=DERIVED_UNIT((#3045,#3046));
#3063=DERIVED_UNIT((#3047,#3048));
#3064=DERIVED_UNIT((#3049,#3050));
#3065=DERIVED_UNIT((#3051,#3052));
#3066=DERIVED_UNIT((#3053,#3054));
#3067=DERIVED_UNIT((#3055,#3056));
#3068=DERIVED_UNIT((#3057,#3058));
#3069=DERIVED_UNIT((#3059,#3060));
#3070=MEASURE_REPRESENTATION_ITEM('density measure',
POSITIVE_RATIO_MEASURE(7850.),#3062);
#3071=MEASURE_REPRESENTATION_ITEM('density measure',
POSITIVE_RATIO_MEASURE(7850.),#3063);
#3072=MEASURE_REPRESENTATION_ITEM('density measure',
POSITIVE_RATIO_MEASURE(7850.),#3064);
#3073=MEASURE_REPRESENTATION_ITEM('density measure',
POSITIVE_RATIO_MEASURE(7850.),#3065);
#3074=MEASURE_REPRESENTATION_ITEM('density measure',
POSITIVE_RATIO_MEASURE(7850.),#3066);
#3075=MEASURE_REPRESENTATION_ITEM('density measure',
POSITIVE_RATIO_MEASURE(7850.),#3067);
#3076=MEASURE_REPRESENTATION_ITEM('density measure',
POSITIVE_RATIO_MEASURE(7850.),#3068);
#3077=MEASURE_REPRESENTATION_ITEM('density measure',
POSITIVE_RATIO_MEASURE(7850.),#3069);
#3078=PROPERTY_DEFINITION_REPRESENTATION(#3118,#3094);
#3079=PROPERTY_DEFINITION_REPRESENTATION(#3119,#3095);
#3080=PROPERTY_DEFINITION_REPRESENTATION(#3120,#3096);
#3081=PROPERTY_DEFINITION_REPRESENTATION(#3121,#3097);
#3082=PROPERTY_DEFINITION_REPRESENTATION(#3122,#3098);
#3083=PROPERTY_DEFINITION_REPRESENTATION(#3123,#3099);
#3084=PROPERTY_DEFINITION_REPRESENTATION(#3124,#3100);
#3085=PROPERTY_DEFINITION_REPRESENTATION(#3125,#3101);
#3086=PROPERTY_DEFINITION_REPRESENTATION(#3126,#3102);
#3087=PROPERTY_DEFINITION_REPRESENTATION(#3127,#3103);
#3088=PROPERTY_DEFINITION_REPRESENTATION(#3128,#3104);
#3089=PROPERTY_DEFINITION_REPRESENTATION(#3129,#3105);
#3090=PROPERTY_DEFINITION_REPRESENTATION(#3130,#3106);
#3091=PROPERTY_DEFINITION_REPRESENTATION(#3131,#3107);
#3092=PROPERTY_DEFINITION_REPRESENTATION(#3132,#3108);
#3093=PROPERTY_DEFINITION_REPRESENTATION(#3133,#3109);
#3094=REPRESENTATION('material name',(#3110),#5121);
#3095=REPRESENTATION('density',(#3070),#5121);
#3096=REPRESENTATION('material name',(#3111),#5122);
#3097=REPRESENTATION('density',(#3071),#5122);
#3098=REPRESENTATION('material name',(#3112),#5123);
#3099=REPRESENTATION('density',(#3072),#5123);
#3100=REPRESENTATION('material name',(#3113),#5124);
#3101=REPRESENTATION('density',(#3073),#5124);
#3102=REPRESENTATION('material name',(#3114),#5125);
#3103=REPRESENTATION('density',(#3074),#5125);
#3104=REPRESENTATION('material name',(#3115),#5126);
#3105=REPRESENTATION('density',(#3075),#5126);
#3106=REPRESENTATION('material name',(#3116),#5127);
#3107=REPRESENTATION('density',(#3076),#5127);
#3108=REPRESENTATION('material name',(#3117),#5128);
#3109=REPRESENTATION('density',(#3077),#5128);
#3110=DESCRIPTIVE_REPRESENTATION_ITEM('Steel','Steel');
#3111=DESCRIPTIVE_REPRESENTATION_ITEM('Steel','Steel');
#3112=DESCRIPTIVE_REPRESENTATION_ITEM('Steel','Steel');
#3113=DESCRIPTIVE_REPRESENTATION_ITEM('Steel','Steel');
#3114=DESCRIPTIVE_REPRESENTATION_ITEM('Steel','Steel');
#3115=DESCRIPTIVE_REPRESENTATION_ITEM('Steel','Steel');
#3116=DESCRIPTIVE_REPRESENTATION_ITEM('Steel','Steel');
#3117=DESCRIPTIVE_REPRESENTATION_ITEM('Steel','Steel');
#3118=PROPERTY_DEFINITION('material property','material name',#5171);
#3119=PROPERTY_DEFINITION('material property','density of part',#5171);
#3120=PROPERTY_DEFINITION('material property','material name',#5172);
#3121=PROPERTY_DEFINITION('material property','density of part',#5172);
#3122=PROPERTY_DEFINITION('material property','material name',#5173);
#3123=PROPERTY_DEFINITION('material property','density of part',#5173);
#3124=PROPERTY_DEFINITION('material property','material name',#5174);
#3125=PROPERTY_DEFINITION('material property','density of part',#5174);
#3126=PROPERTY_DEFINITION('material property','material name',#5175);
#3127=PROPERTY_DEFINITION('material property','density of part',#5175);
#3128=PROPERTY_DEFINITION('material property','material name',#5176);
#3129=PROPERTY_DEFINITION('material property','density of part',#5176);
#3130=PROPERTY_DEFINITION('material property','material name',#5177);
#3131=PROPERTY_DEFINITION('material property','density of part',#5177);
#3132=PROPERTY_DEFINITION('material property','material name',#5178);
#3133=PROPERTY_DEFINITION('material property','density of part',#5178);
#3134=AXIS2_PLACEMENT_3D('',#4252,#3396,#3397);
#3135=AXIS2_PLACEMENT_3D('',#4253,#3398,#3399);
#3136=AXIS2_PLACEMENT_3D('',#4254,#3400,#3401);
#3137=AXIS2_PLACEMENT_3D('',#4257,#3402,#3403);
#3138=AXIS2_PLACEMENT_3D('',#4261,#3405,#3406);
#3139=AXIS2_PLACEMENT_3D('',#4263,#3408,#3409);
#3140=AXIS2_PLACEMENT_3D('',#4269,#3413,#3414);
#3141=AXIS2_PLACEMENT_3D('',#4271,#3415,#3416);
#3142=AXIS2_PLACEMENT_3D('',#4274,#3418,#3419);
#3143=AXIS2_PLACEMENT_3D('',#4275,#3420,#3421);
#3144=AXIS2_PLACEMENT_3D('',#4281,#3425,#3426);
#3145=AXIS2_PLACEMENT_3D('',#4283,#3427,#3428);
#3146=AXIS2_PLACEMENT_3D('',#4286,#3430,#3431);
#3147=AXIS2_PLACEMENT_3D('',#4287,#3432,#3433);
#3148=AXIS2_PLACEMENT_3D('',#4293,#3437,#3438);
#3149=AXIS2_PLACEMENT_3D('',#4295,#3439,#3440);
#3150=AXIS2_PLACEMENT_3D('',#4298,#3442,#3443);
#3151=AXIS2_PLACEMENT_3D('',#4299,#3444,#3445);
#3152=AXIS2_PLACEMENT_3D('',#4302,#3448,#3449);
#3153=AXIS2_PLACEMENT_3D('',#4311,#3454,#3455);
#3154=AXIS2_PLACEMENT_3D('',#4320,#3460,#3461);
#3155=AXIS2_PLACEMENT_3D('',#4323,#3464,#3465);
#3156=AXIS2_PLACEMENT_3D('',#4325,#3467,#3468);
#3157=AXIS2_PLACEMENT_3D('',#4328,#3469,#3470);
#3158=AXIS2_PLACEMENT_3D('',#4332,#3472,#3473);
#3159=AXIS2_PLACEMENT_3D('',#4336,#3475,#3476);
#3160=AXIS2_PLACEMENT_3D('',#4340,#3478,#3479);
#3161=AXIS2_PLACEMENT_3D('',#4345,#3482,#3483);
#3162=AXIS2_PLACEMENT_3D('',#4349,#3485,#3486);
#3163=AXIS2_PLACEMENT_3D('',#4353,#3488,#3489);
#3164=AXIS2_PLACEMENT_3D('',#4357,#3491,#3492);
#3165=AXIS2_PLACEMENT_3D('',#4359,#3494,#3495);
#3166=AXIS2_PLACEMENT_3D('',#4365,#3499,#3500);
#3167=AXIS2_PLACEMENT_3D('',#4368,#3502,#3503);
#3168=AXIS2_PLACEMENT_3D('',#4369,#3504,#3505);
#3169=AXIS2_PLACEMENT_3D('',#4373,#3508,#3509);
#3170=AXIS2_PLACEMENT_3D('',#4376,#3511,#3512);
#3171=AXIS2_PLACEMENT_3D('',#4377,#3513,#3514);
#3172=AXIS2_PLACEMENT_3D('',#4381,#3517,#3518);
#3173=AXIS2_PLACEMENT_3D('',#4384,#3520,#3521);
#3174=AXIS2_PLACEMENT_3D('',#4385,#3522,#3523);
#3175=AXIS2_PLACEMENT_3D('',#4389,#3526,#3527);
#3176=AXIS2_PLACEMENT_3D('',#4390,#3528,#3529);
#3177=AXIS2_PLACEMENT_3D('',#4391,#3530,#3531);
#3178=AXIS2_PLACEMENT_3D('',#4392,#3532,#3533);
#3179=AXIS2_PLACEMENT_3D('',#4398,#3537,#3538);
#3180=AXIS2_PLACEMENT_3D('',#4400,#3539,#3540);
#3181=AXIS2_PLACEMENT_3D('',#4402,#3542,#3543);
#3182=AXIS2_PLACEMENT_3D('',#4406,#3546,#3547);
#3183=AXIS2_PLACEMENT_3D('',#4408,#3548,#3549);
#3184=AXIS2_PLACEMENT_3D('',#4410,#3551,#3552);
#3185=AXIS2_PLACEMENT_3D('',#4414,#3555,#3556);
#3186=AXIS2_PLACEMENT_3D('',#4416,#3557,#3558);
#3187=AXIS2_PLACEMENT_3D('',#4418,#3560,#3561);
#3188=AXIS2_PLACEMENT_3D('',#4422,#3564,#3565);
#3189=AXIS2_PLACEMENT_3D('',#4423,#3566,#3567);
#3190=AXIS2_PLACEMENT_3D('',#4424,#3568,#3569);
#3191=AXIS2_PLACEMENT_3D('',#4425,#3570,#3571);
#3192=AXIS2_PLACEMENT_3D('',#4434,#3576,#3577);
#3193=AXIS2_PLACEMENT_3D('',#4436,#3578,#3579);
#3194=AXIS2_PLACEMENT_3D('',#4438,#3580,#3581);
#3195=AXIS2_PLACEMENT_3D('',#4440,#3583,#3584);
#3196=AXIS2_PLACEMENT_3D('',#4446,#3588,#3589);
#3197=AXIS2_PLACEMENT_3D('',#4448,#3590,#3591);
#3198=AXIS2_PLACEMENT_3D('',#4450,#3592,#3593);
#3199=AXIS2_PLACEMENT_3D('',#4452,#3595,#3596);
#3200=AXIS2_PLACEMENT_3D('',#4458,#3600,#3601);
#3201=AXIS2_PLACEMENT_3D('',#4460,#3602,#3603);
#3202=AXIS2_PLACEMENT_3D('',#4462,#3604,#3605);
#3203=AXIS2_PLACEMENT_3D('',#4464,#3607,#3608);
#3204=AXIS2_PLACEMENT_3D('',#4470,#3612,#3613);
#3205=AXIS2_PLACEMENT_3D('',#4471,#3614,#3615);
#3206=AXIS2_PLACEMENT_3D('',#4472,#3616,#3617);
#3207=AXIS2_PLACEMENT_3D('',#4473,#3618,#3619);
#3208=AXIS2_PLACEMENT_3D('',#4482,#3624,#3625);
#3209=AXIS2_PLACEMENT_3D('',#4484,#3626,#3627);
#3210=AXIS2_PLACEMENT_3D('',#4486,#3628,#3629);
#3211=AXIS2_PLACEMENT_3D('',#4488,#3631,#3632);
#3212=AXIS2_PLACEMENT_3D('',#4494,#3636,#3637);
#3213=AXIS2_PLACEMENT_3D('',#4496,#3638,#3639);
#3214=AXIS2_PLACEMENT_3D('',#4498,#3640,#3641);
#3215=AXIS2_PLACEMENT_3D('',#4500,#3643,#3644);
#3216=AXIS2_PLACEMENT_3D('',#4506,#3648,#3649);
#3217=AXIS2_PLACEMENT_3D('',#4508,#3650,#3651);
#3218=AXIS2_PLACEMENT_3D('',#4510,#3652,#3653);
#3219=AXIS2_PLACEMENT_3D('',#4512,#3655,#3656);
#3220=AXIS2_PLACEMENT_3D('',#4518,#3660,#3661);
#3221=AXIS2_PLACEMENT_3D('',#4519,#3662,#3663);
#3222=AXIS2_PLACEMENT_3D('',#4520,#3664,#3665);
#3223=AXIS2_PLACEMENT_3D('',#4521,#3666,#3667);
#3224=AXIS2_PLACEMENT_3D('',#4522,#3668,#3669);
#3225=AXIS2_PLACEMENT_3D('',#4523,#3670,#3671);
#3226=AXIS2_PLACEMENT_3D('',#4524,#3672,#3673);
#3227=AXIS2_PLACEMENT_3D('',#4533,#3678,#3679);
#3228=AXIS2_PLACEMENT_3D('',#4539,#3683,#3684);
#3229=AXIS2_PLACEMENT_3D('',#4545,#3688,#3689);
#3230=AXIS2_PLACEMENT_3D('',#4548,#3692,#3693);
#3231=AXIS2_PLACEMENT_3D('',#4549,#3694,#3695);
#3232=AXIS2_PLACEMENT_3D('',#4550,#3696,#3697);
#3233=AXIS2_PLACEMENT_3D('',#4559,#3702,#3703);
#3234=AXIS2_PLACEMENT_3D('',#4565,#3707,#3708);
#3235=AXIS2_PLACEMENT_3D('',#4571,#3712,#3713);
#3236=AXIS2_PLACEMENT_3D('',#4574,#3716,#3717);
#3237=AXIS2_PLACEMENT_3D('',#4575,#3718,#3719);
#3238=AXIS2_PLACEMENT_3D('',#4576,#3720,#3721);
#3239=AXIS2_PLACEMENT_3D('',#4577,#3722,#3723);
#3240=AXIS2_PLACEMENT_3D('',#4586,#3728,#3729);
#3241=AXIS2_PLACEMENT_3D('',#4592,#3733,#3734);
#3242=AXIS2_PLACEMENT_3D('',#4598,#3738,#3739);
#3243=AXIS2_PLACEMENT_3D('',#4601,#3742,#3743);
#3244=AXIS2_PLACEMENT_3D('',#4602,#3744,#3745);
#3245=AXIS2_PLACEMENT_3D('',#4603,#3746,#3747);
#3246=AXIS2_PLACEMENT_3D('',#4612,#3752,#3753);
#3247=AXIS2_PLACEMENT_3D('',#4618,#3757,#3758);
#3248=AXIS2_PLACEMENT_3D('',#4624,#3762,#3763);
#3249=AXIS2_PLACEMENT_3D('',#4627,#3766,#3767);
#3250=AXIS2_PLACEMENT_3D('',#4628,#3768,#3769);
#3251=AXIS2_PLACEMENT_3D('',#4629,#3770,#3771);
#3252=AXIS2_PLACEMENT_3D('',#4630,#3772,#3773);
#3253=AXIS2_PLACEMENT_3D('',#4639,#3778,#3779);
#3254=AXIS2_PLACEMENT_3D('',#4645,#3783,#3784);
#3255=AXIS2_PLACEMENT_3D('',#4651,#3788,#3789);
#3256=AXIS2_PLACEMENT_3D('',#4655,#3791,#3792);
#3257=AXIS2_PLACEMENT_3D('',#4659,#3794,#3795);
#3258=AXIS2_PLACEMENT_3D('',#4663,#3797,#3798);
#3259=AXIS2_PLACEMENT_3D('',#4667,#3800,#3801);
#3260=AXIS2_PLACEMENT_3D('',#4669,#3803,#3804);
#3261=AXIS2_PLACEMENT_3D('',#4673,#3807,#3808);
#3262=AXIS2_PLACEMENT_3D('',#4679,#3812,#3813);
#3263=AXIS2_PLACEMENT_3D('',#4681,#3814,#3815);
#3264=AXIS2_PLACEMENT_3D('',#4683,#3817,#3818);
#3265=AXIS2_PLACEMENT_3D('',#4687,#3821,#3822);
#3266=AXIS2_PLACEMENT_3D('',#4689,#3823,#3824);
#3267=AXIS2_PLACEMENT_3D('',#4691,#3826,#3827);
#3268=AXIS2_PLACEMENT_3D('',#4695,#3830,#3831);
#3269=AXIS2_PLACEMENT_3D('',#4696,#3832,#3833);
#3270=AXIS2_PLACEMENT_3D('',#4697,#3834,#3835);
#3271=AXIS2_PLACEMENT_3D('',#4701,#3838,#3839);
#3272=AXIS2_PLACEMENT_3D('',#4702,#3840,#3841);
#3273=AXIS2_PLACEMENT_3D('',#4703,#3842,#3843);
#3274=AXIS2_PLACEMENT_3D('',#4704,#3844,#3845);
#3275=AXIS2_PLACEMENT_3D('',#4713,#3850,#3851);
#3276=AXIS2_PLACEMENT_3D('',#4719,#3855,#3856);
#3277=AXIS2_PLACEMENT_3D('',#4725,#3860,#3861);
#3278=AXIS2_PLACEMENT_3D('',#4728,#3864,#3865);
#3279=AXIS2_PLACEMENT_3D('',#4729,#3866,#3867);
#3280=AXIS2_PLACEMENT_3D('',#4730,#3868,#3869);
#3281=AXIS2_PLACEMENT_3D('',#4739,#3874,#3875);
#3282=AXIS2_PLACEMENT_3D('',#4745,#3879,#3880);
#3283=AXIS2_PLACEMENT_3D('',#4751,#3884,#3885);
#3284=AXIS2_PLACEMENT_3D('',#4754,#3888,#3889);
#3285=AXIS2_PLACEMENT_3D('',#4755,#3890,#3891);
#3286=AXIS2_PLACEMENT_3D('',#4756,#3892,#3893);
#3287=AXIS2_PLACEMENT_3D('',#4765,#3898,#3899);
#3288=AXIS2_PLACEMENT_3D('',#4771,#3903,#3904);
#3289=AXIS2_PLACEMENT_3D('',#4777,#3908,#3909);
#3290=AXIS2_PLACEMENT_3D('',#4780,#3912,#3913);
#3291=AXIS2_PLACEMENT_3D('',#4781,#3914,#3915);
#3292=AXIS2_PLACEMENT_3D('',#4782,#3916,#3917);
#3293=AXIS2_PLACEMENT_3D('',#4791,#3922,#3923);
#3294=AXIS2_PLACEMENT_3D('',#4797,#3927,#3928);
#3295=AXIS2_PLACEMENT_3D('',#4803,#3932,#3933);
#3296=AXIS2_PLACEMENT_3D('',#4806,#3936,#3937);
#3297=AXIS2_PLACEMENT_3D('',#4807,#3938,#3939);
#3298=AXIS2_PLACEMENT_3D('',#4808,#3940,#3941);
#3299=AXIS2_PLACEMENT_3D('',#4817,#3946,#3947);
#3300=AXIS2_PLACEMENT_3D('',#4823,#3951,#3952);
#3301=AXIS2_PLACEMENT_3D('',#4829,#3956,#3957);
#3302=AXIS2_PLACEMENT_3D('',#4832,#3960,#3961);
#3303=AXIS2_PLACEMENT_3D('',#4833,#3962,#3963);
#3304=AXIS2_PLACEMENT_3D('',#4834,#3964,#3965);
#3305=AXIS2_PLACEMENT_3D('',#4843,#3970,#3971);
#3306=AXIS2_PLACEMENT_3D('',#4849,#3975,#3976);
#3307=AXIS2_PLACEMENT_3D('',#4855,#3980,#3981);
#3308=AXIS2_PLACEMENT_3D('',#4858,#3984,#3985);
#3309=AXIS2_PLACEMENT_3D('',#4859,#3986,#3987);
#3310=AXIS2_PLACEMENT_3D('',#4860,#3988,#3989);
#3311=AXIS2_PLACEMENT_3D('',#4869,#3994,#3995);
#3312=AXIS2_PLACEMENT_3D('',#4875,#3999,#4000);
#3313=AXIS2_PLACEMENT_3D('',#4881,#4004,#4005);
#3314=AXIS2_PLACEMENT_3D('',#4884,#4008,#4009);
#3315=AXIS2_PLACEMENT_3D('',#4885,#4010,#4011);
#3316=AXIS2_PLACEMENT_3D('',#4886,#4012,#4013);
#3317=AXIS2_PLACEMENT_3D('',#4895,#4018,#4019);
#3318=AXIS2_PLACEMENT_3D('',#4901,#4023,#4024);
#3319=AXIS2_PLACEMENT_3D('',#4907,#4028,#4029);
#3320=AXIS2_PLACEMENT_3D('',#4910,#4032,#4033);
#3321=AXIS2_PLACEMENT_3D('',#4911,#4034,#4035);
#3322=AXIS2_PLACEMENT_3D('',#4912,#4036,#4037);
#3323=AXIS2_PLACEMENT_3D('',#4921,#4042,#4043);
#3324=AXIS2_PLACEMENT_3D('',#4927,#4047,#4048);
#3325=AXIS2_PLACEMENT_3D('',#4933,#4052,#4053);
#3326=AXIS2_PLACEMENT_3D('',#4936,#4056,#4057);
#3327=AXIS2_PLACEMENT_3D('',#4937,#4058,#4059);
#3328=AXIS2_PLACEMENT_3D('',#4938,#4060,#4061);
#3329=AXIS2_PLACEMENT_3D('',#4947,#4066,#4067);
#3330=AXIS2_PLACEMENT_3D('',#4953,#4071,#4072);
#3331=AXIS2_PLACEMENT_3D('',#4959,#4076,#4077);
#3332=AXIS2_PLACEMENT_3D('',#4962,#4080,#4081);
#3333=AXIS2_PLACEMENT_3D('',#4963,#4082,#4083);
#3334=AXIS2_PLACEMENT_3D('',#4964,#4084,#4085);
#3335=AXIS2_PLACEMENT_3D('',#4965,#4086,#4087);
#3336=AXIS2_PLACEMENT_3D('',#4974,#4092,#4093);
#3337=AXIS2_PLACEMENT_3D('',#4980,#4097,#4098);
#3338=AXIS2_PLACEMENT_3D('',#4986,#4102,#4103);
#3339=AXIS2_PLACEMENT_3D('',#4989,#4106,#4107);
#3340=AXIS2_PLACEMENT_3D('',#4990,#4108,#4109);
#3341=AXIS2_PLACEMENT_3D('',#4991,#4110,#4111);
#3342=AXIS2_PLACEMENT_3D('',#5000,#4116,#4117);
#3343=AXIS2_PLACEMENT_3D('',#5006,#4121,#4122);
#3344=AXIS2_PLACEMENT_3D('',#5012,#4126,#4127);
#3345=AXIS2_PLACEMENT_3D('',#5015,#4130,#4131);
#3346=AXIS2_PLACEMENT_3D('',#5016,#4132,#4133);
#3347=AXIS2_PLACEMENT_3D('',#5017,#4134,#4135);
#3348=AXIS2_PLACEMENT_3D('',#5018,#4136,#4137);
#3349=AXIS2_PLACEMENT_3D('',#5027,#4142,#4143);
#3350=AXIS2_PLACEMENT_3D('',#5029,#4144,#4145);
#3351=AXIS2_PLACEMENT_3D('',#5031,#4146,#4147);
#3352=AXIS2_PLACEMENT_3D('',#5033,#4149,#4150);
#3353=AXIS2_PLACEMENT_3D('',#5039,#4154,#4155);
#3354=AXIS2_PLACEMENT_3D('',#5041,#4156,#4157);
#3355=AXIS2_PLACEMENT_3D('',#5043,#4158,#4159);
#3356=AXIS2_PLACEMENT_3D('',#5045,#4161,#4162);
#3357=AXIS2_PLACEMENT_3D('',#5051,#4166,#4167);
#3358=AXIS2_PLACEMENT_3D('',#5053,#4168,#4169);
#3359=AXIS2_PLACEMENT_3D('',#5055,#4170,#4171);
#3360=AXIS2_PLACEMENT_3D('',#5057,#4173,#4174);
#3361=AXIS2_PLACEMENT_3D('',#5063,#4178,#4179);
#3362=AXIS2_PLACEMENT_3D('',#5064,#4180,#4181);
#3363=AXIS2_PLACEMENT_3D('',#5065,#4182,#4183);
#3364=AXIS2_PLACEMENT_3D('',#5066,#4184,#4185);
#3365=AXIS2_PLACEMENT_3D('',#5067,#4186,#4187);
#3366=AXIS2_PLACEMENT_3D('',#5068,#4188,#4189);
#3367=AXIS2_PLACEMENT_3D('',#5069,#4190,#4191);
#3368=AXIS2_PLACEMENT_3D('',#5071,#4192,#4193);
#3369=AXIS2_PLACEMENT_3D('',#5074,#4195,#4196);
#3370=AXIS2_PLACEMENT_3D('',#5075,#4197,#4198);
#3371=AXIS2_PLACEMENT_3D('',#5076,#4199,#4200);
#3372=AXIS2_PLACEMENT_3D('',#5077,#4201,#4202);
#3373=AXIS2_PLACEMENT_3D('',#5078,#4203,#4204);
#3374=AXIS2_PLACEMENT_3D('',#5080,#4205,#4206);
#3375=AXIS2_PLACEMENT_3D('',#5083,#4208,#4209);
#3376=AXIS2_PLACEMENT_3D('',#5084,#4210,#4211);
#3377=AXIS2_PLACEMENT_3D('',#5085,#4212,#4213);
#3378=AXIS2_PLACEMENT_3D('',#5086,#4214,#4215);
#3379=AXIS2_PLACEMENT_3D('',#5088,#4216,#4217);
#3380=AXIS2_PLACEMENT_3D('',#5091,#4219,#4220);
#3381=AXIS2_PLACEMENT_3D('',#5092,#4221,#4222);
#3382=AXIS2_PLACEMENT_3D('',#5093,#4223,#4224);
#3383=AXIS2_PLACEMENT_3D('',#5094,#4225,#4226);
#3384=AXIS2_PLACEMENT_3D('',#5096,#4227,#4228);
#3385=AXIS2_PLACEMENT_3D('',#5099,#4230,#4231);
#3386=AXIS2_PLACEMENT_3D('',#5100,#4232,#4233);
#3387=AXIS2_PLACEMENT_3D('',#5101,#4234,#4235);
#3388=AXIS2_PLACEMENT_3D('',#5102,#4236,#4237);
#3389=AXIS2_PLACEMENT_3D('',#5103,#4238,#4239);
#3390=AXIS2_PLACEMENT_3D('',#5104,#4240,#4241);
#3391=AXIS2_PLACEMENT_3D('',#5105,#4242,#4243);
#3392=AXIS2_PLACEMENT_3D('',#5106,#4244,#4245);
#3393=AXIS2_PLACEMENT_3D('',#5107,#4246,#4247);
#3394=AXIS2_PLACEMENT_3D('',#5108,#4248,#4249);
#3395=AXIS2_PLACEMENT_3D('',#5109,#4250,#4251);
#3396=DIRECTION('axis',(0.,0.,1.));
#3397=DIRECTION('refdir',(1.,0.,0.));
#3398=DIRECTION('axis',(0.,0.,1.));
#3399=DIRECTION('refdir',(1.,0.,0.));
#3400=DIRECTION('center_axis',(0.,-1.,0.));
#3401=DIRECTION('ref_axis',(-0.707106781186547,0.,0.707106781186548));
#3402=DIRECTION('center_axis',(0.,1.,0.));
#3403=DIRECTION('ref_axis',(-0.707106781186547,0.,0.707106781186548));
#3404=DIRECTION('',(0.,-1.,0.));
#3405=DIRECTION('center_axis',(-6.72862439166761E-17,-1.,0.));
#3406=DIRECTION('ref_axis',(-0.707106781186547,0.,0.707106781186548));
#3407=DIRECTION('',(0.,1.,0.));
#3408=DIRECTION('center_axis',(0.,0.,1.));
#3409=DIRECTION('ref_axis',(-1.,0.,0.));
#3410=DIRECTION('',(-1.,0.,0.));
#3411=DIRECTION('',(0.,1.,0.));
#3412=DIRECTION('',(1.,-6.72862439166761E-17,0.));
#3413=DIRECTION('center_axis',(0.,-1.,0.));
#3414=DIRECTION('ref_axis',(0.707106781186547,0.,0.707106781186548));
#3415=DIRECTION('center_axis',(0.,1.,0.));
#3416=DIRECTION('ref_axis',(0.707106781186547,0.,0.707106781186548));
#3417=DIRECTION('',(0.,-1.,0.));
#3418=DIRECTION('center_axis',(-6.72862439166761E-17,-1.,0.));
#3419=DIRECTION('ref_axis',(0.707106781186547,0.,0.707106781186548));
#3420=DIRECTION('center_axis',(1.,0.,0.));
#3421=DIRECTION('ref_axis',(0.,0.,1.));
#3422=DIRECTION('',(0.,0.,1.));
#3423=DIRECTION('',(0.,1.,0.));
#3424=DIRECTION('',(0.,0.,-1.));
#3425=DIRECTION('center_axis',(0.,-1.,0.));
#3426=DIRECTION('ref_axis',(0.707106781186548,0.,-0.707106781186548));
#3427=DIRECTION('center_axis',(0.,1.,0.));
#3428=DIRECTION('ref_axis',(0.707106781186548,0.,-0.707106781186548));
#3429=DIRECTION('',(0.,-1.,0.));
#3430=DIRECTION('center_axis',(-6.72862439166761E-17,-1.,0.));
#3431=DIRECTION('ref_axis',(0.707106781186548,0.,-0.707106781186548));
#3432=DIRECTION('center_axis',(0.,0.,-1.));
#3433=DIRECTION('ref_axis',(1.,0.,0.));
#3434=DIRECTION('',(1.,0.,0.));
#3435=DIRECTION('',(0.,1.,0.));
#3436=DIRECTION('',(-1.,6.72862439166761E-17,0.));
#3437=DIRECTION('center_axis',(0.,-1.,0.));
#3438=DIRECTION('ref_axis',(-0.707106781186548,0.,-0.707106781186548));
#3439=DIRECTION('center_axis',(0.,1.,0.));
#3440=DIRECTION('ref_axis',(-0.707106781186548,0.,-0.707106781186548));
#3441=DIRECTION('',(0.,-1.,0.));
#3442=DIRECTION('center_axis',(-6.72862439166761E-17,-1.,0.));
#3443=DIRECTION('ref_axis',(-0.707106781186548,0.,-0.707106781186548));
#3444=DIRECTION('center_axis',(-1.,0.,0.));
#3445=DIRECTION('ref_axis',(0.,0.,-1.));
#3446=DIRECTION('',(0.,0.,1.));
#3447=DIRECTION('',(0.,0.,-1.));
#3448=DIRECTION('center_axis',(0.,-1.,0.));
#3449=DIRECTION('ref_axis',(-1.,0.,0.));
#3450=DIRECTION('',(0.,0.,1.));
#3451=DIRECTION('',(-1.,0.,0.));
#3452=DIRECTION('',(0.,0.,-1.));
#3453=DIRECTION('',(-1.,0.,0.));
#3454=DIRECTION('center_axis',(0.,1.,0.));
#3455=DIRECTION('ref_axis',(1.,0.,0.));
#3456=DIRECTION('',(0.,0.,-1.));
#3457=DIRECTION('',(1.,0.,0.));
#3458=DIRECTION('',(0.,0.,-1.));
#3459=DIRECTION('',(1.,0.,0.));
#3460=DIRECTION('center_axis',(-1.,0.,0.));
#3461=DIRECTION('ref_axis',(0.,1.,0.));
#3462=DIRECTION('',(0.,1.,0.));
#3463=DIRECTION('',(0.,1.,0.));
#3464=DIRECTION('center_axis',(0.,0.,-1.));
#3465=DIRECTION('ref_axis',(-1.,0.,0.));
#3466=DIRECTION('',(0.,-1.,0.));
#3467=DIRECTION('center_axis',(0.,0.,1.));
#3468=DIRECTION('ref_axis',(1.,0.,0.));
#3469=DIRECTION('center_axis',(0.,0.,1.));
#3470=DIRECTION('ref_axis',(-1.,0.,0.));
#3471=DIRECTION('',(1.,-6.72862439166762E-17,0.));
#3472=DIRECTION('center_axis',(0.,0.,1.));
#3473=DIRECTION('ref_axis',(-5.2245789394125E-16,-1.,0.));
#3474=DIRECTION('',(0.,1.,0.));
#3475=DIRECTION('center_axis',(0.,0.,1.));
#3476=DIRECTION('ref_axis',(1.,0.,0.));
#3477=DIRECTION('',(-1.,0.,0.));
#3478=DIRECTION('center_axis',(0.,0.,1.));
#3479=DIRECTION('ref_axis',(0.,1.,0.));
#3480=DIRECTION('',(0.,-1.,0.));
#3481=DIRECTION('',(0.,1.,0.));
#3482=DIRECTION('center_axis',(0.,0.,-1.));
#3483=DIRECTION('ref_axis',(3.17206578464331E-16,1.,0.));
#3484=DIRECTION('',(1.,-6.72862439166761E-17,0.));
#3485=DIRECTION('center_axis',(0.,0.,-1.));
#3486=DIRECTION('ref_axis',(1.,0.,0.));
#3487=DIRECTION('',(0.,-1.,0.));
#3488=DIRECTION('center_axis',(0.,0.,-1.));
#3489=DIRECTION('ref_axis',(-1.58603289232165E-15,-1.,0.));
#3490=DIRECTION('',(-1.,6.72862439166762E-17,0.));
#3491=DIRECTION('center_axis',(0.,0.,-1.));
#3492=DIRECTION('ref_axis',(-1.,0.,0.));
#3493=DIRECTION('',(0.,1.,0.));
#3494=DIRECTION('center_axis',(-6.72862439166762E-17,-1.,0.));
#3495=DIRECTION('ref_axis',(-1.,6.72862439166762E-17,0.));
#3496=DIRECTION('',(0.,0.,-1.));
#3497=DIRECTION('',(-1.,6.72862439166762E-17,0.));
#3498=DIRECTION('',(0.,0.,-1.));
#3499=DIRECTION('center_axis',(0.,0.,-1.));
#3500=DIRECTION('ref_axis',(-1.58603289232165E-15,-1.,0.));
#3501=DIRECTION('',(0.,0.,-1.));
#3502=DIRECTION('center_axis',(0.,0.,-1.));
#3503=DIRECTION('ref_axis',(-1.58603289232165E-15,-1.,0.));
#3504=DIRECTION('center_axis',(1.,0.,0.));
#3505=DIRECTION('ref_axis',(0.,-1.,0.));
#3506=DIRECTION('',(0.,0.,-1.));
#3507=DIRECTION('',(0.,-1.,0.));
#3508=DIRECTION('center_axis',(0.,0.,-1.));
#3509=DIRECTION('ref_axis',(1.,0.,0.));
#3510=DIRECTION('',(0.,0.,-1.));
#3511=DIRECTION('center_axis',(0.,0.,-1.));
#3512=DIRECTION('ref_axis',(1.,0.,0.));
#3513=DIRECTION('center_axis',(6.72862439166761E-17,1.,0.));
#3514=DIRECTION('ref_axis',(1.,-6.72862439166761E-17,0.));
#3515=DIRECTION('',(0.,0.,-1.));
#3516=DIRECTION('',(1.,-6.72862439166761E-17,0.));
#3517=DIRECTION('center_axis',(0.,0.,-1.));
#3518=DIRECTION('ref_axis',(3.17206578464331E-16,1.,0.));
#3519=DIRECTION('',(0.,0.,-1.));
#3520=DIRECTION('center_axis',(0.,0.,-1.));
#3521=DIRECTION('ref_axis',(3.17206578464331E-16,1.,0.));
#3522=DIRECTION('center_axis',(-1.,0.,0.));
#3523=DIRECTION('ref_axis',(0.,1.,0.));
#3524=DIRECTION('',(0.,0.,-1.));
#3525=DIRECTION('',(0.,1.,0.));
#3526=DIRECTION('center_axis',(0.,0.,-1.));
#3527=DIRECTION('ref_axis',(-1.,0.,0.));
#3528=DIRECTION('center_axis',(0.,0.,-1.));
#3529=DIRECTION('ref_axis',(-1.,0.,0.));
#3530=DIRECTION('center_axis',(0.,0.,1.));
#3531=DIRECTION('ref_axis',(1.,0.,0.));
#3532=DIRECTION('center_axis',(-6.72862439166762E-17,-1.,0.));
#3533=DIRECTION('ref_axis',(-1.,6.72862439166762E-17,0.));
#3534=DIRECTION('',(0.,0.,-1.));
#3535=DIRECTION('',(-1.,6.72862439166762E-17,0.));
#3536=DIRECTION('',(0.,0.,-1.));
#3537=DIRECTION('center_axis',(0.,0.,-1.));
#3538=DIRECTION('ref_axis',(-5.2245789394125E-16,-1.,0.));
#3539=DIRECTION('center_axis',(0.,0.,-1.));
#3540=DIRECTION('ref_axis',(-5.2245789394125E-16,-1.,0.));
#3541=DIRECTION('',(0.,0.,-1.));
#3542=DIRECTION('center_axis',(1.,0.,0.));
#3543=DIRECTION('ref_axis',(0.,-1.,0.));
#3544=DIRECTION('',(0.,-1.,0.));
#3545=DIRECTION('',(0.,0.,-1.));
#3546=DIRECTION('center_axis',(0.,0.,-1.));
#3547=DIRECTION('ref_axis',(1.,0.,0.));
#3548=DIRECTION('center_axis',(0.,0.,-1.));
#3549=DIRECTION('ref_axis',(1.,0.,0.));
#3550=DIRECTION('',(0.,0.,-1.));
#3551=DIRECTION('center_axis',(0.,1.,0.));
#3552=DIRECTION('ref_axis',(1.,0.,0.));
#3553=DIRECTION('',(1.,0.,0.));
#3554=DIRECTION('',(0.,0.,-1.));
#3555=DIRECTION('center_axis',(0.,0.,-1.));
#3556=DIRECTION('ref_axis',(0.,1.,0.));
#3557=DIRECTION('center_axis',(0.,0.,-1.));
#3558=DIRECTION('ref_axis',(0.,1.,0.));
#3559=DIRECTION('',(0.,0.,-1.));
#3560=DIRECTION('center_axis',(-1.,0.,0.));
#3561=DIRECTION('ref_axis',(0.,1.,0.));
#3562=DIRECTION('',(0.,1.,0.));
#3563=DIRECTION('',(0.,0.,-1.));
#3564=DIRECTION('center_axis',(0.,0.,-1.));
#3565=DIRECTION('ref_axis',(-1.,0.,0.));
#3566=DIRECTION('center_axis',(0.,0.,-1.));
#3567=DIRECTION('ref_axis',(-1.,0.,0.));
#3568=DIRECTION('center_axis',(0.,0.,1.));
#3569=DIRECTION('ref_axis',(1.,0.,0.));
#3570=DIRECTION('center_axis',(1.,0.,0.));
#3571=DIRECTION('ref_axis',(0.,1.,0.));
#3572=DIRECTION('',(0.,-1.,0.));
#3573=DIRECTION('',(0.,0.,1.));
#3574=DIRECTION('',(0.,1.,0.));
#3575=DIRECTION('',(0.,0.,1.));
#3576=DIRECTION('center_axis',(0.,0.,1.));
#3577=DIRECTION('ref_axis',(-2.96059473233376E-15,-1.,0.));
#3578=DIRECTION('center_axis',(0.,0.,-1.));
#3579=DIRECTION('ref_axis',(-2.96059473233376E-15,-1.,0.));
#3580=DIRECTION('center_axis',(0.,0.,1.));
#3581=DIRECTION('ref_axis',(-2.96059473233376E-15,-1.,0.));
#3582=DIRECTION('',(0.,0.,1.));
#3583=DIRECTION('center_axis',(0.,-1.,0.));
#3584=DIRECTION('ref_axis',(1.,0.,0.));
#3585=DIRECTION('',(-1.,0.,0.));
#3586=DIRECTION('',(1.,0.,0.));
#3587=DIRECTION('',(0.,0.,1.));
#3588=DIRECTION('center_axis',(0.,0.,1.));
#3589=DIRECTION('ref_axis',(-1.,2.96059473233376E-15,0.));
#3590=DIRECTION('center_axis',(0.,0.,-1.));
#3591=DIRECTION('ref_axis',(-1.,2.96059473233376E-15,0.));
#3592=DIRECTION('center_axis',(0.,0.,1.));
#3593=DIRECTION('ref_axis',(-1.,2.96059473233376E-15,0.));
#3594=DIRECTION('',(0.,0.,1.));
#3595=DIRECTION('center_axis',(-1.,0.,0.));
#3596=DIRECTION('ref_axis',(0.,-1.,0.));
#3597=DIRECTION('',(0.,1.,0.));
#3598=DIRECTION('',(0.,-1.,0.));
#3599=DIRECTION('',(0.,0.,1.));
#3600=DIRECTION('center_axis',(0.,0.,1.));
#3601=DIRECTION('ref_axis',(2.96059473233376E-15,1.,0.));
#3602=DIRECTION('center_axis',(0.,0.,-1.));
#3603=DIRECTION('ref_axis',(2.96059473233376E-15,1.,0.));
#3604=DIRECTION('center_axis',(0.,0.,1.));
#3605=DIRECTION('ref_axis',(2.96059473233376E-15,1.,0.));
#3606=DIRECTION('',(0.,0.,1.));
#3607=DIRECTION('center_axis',(0.,1.,0.));
#3608=DIRECTION('ref_axis',(-1.,0.,0.));
#3609=DIRECTION('',(1.,0.,0.));
#3610=DIRECTION('',(-1.,0.,0.));
#3611=DIRECTION('',(0.,0.,1.));
#3612=DIRECTION('center_axis',(0.,0.,1.));
#3613=DIRECTION('ref_axis',(1.,-2.96059473233376E-15,0.));
#3614=DIRECTION('center_axis',(0.,0.,-1.));
#3615=DIRECTION('ref_axis',(1.,-2.96059473233376E-15,0.));
#3616=DIRECTION('center_axis',(0.,0.,1.));
#3617=DIRECTION('ref_axis',(1.,-2.96059473233376E-15,0.));
#3618=DIRECTION('center_axis',(-1.,0.,0.));
#3619=DIRECTION('ref_axis',(0.,-1.,0.));
#3620=DIRECTION('',(0.,-1.,0.));
#3621=DIRECTION('',(0.,0.,1.));
#3622=DIRECTION('',(0.,-1.,0.));
#3623=DIRECTION('',(0.,0.,1.));
#3624=DIRECTION('center_axis',(0.,0.,1.));
#3625=DIRECTION('ref_axis',(0.,1.,0.));
#3626=DIRECTION('center_axis',(0.,0.,1.));
#3627=DIRECTION('ref_axis',(0.,1.,0.));
#3628=DIRECTION('center_axis',(0.,0.,1.));
#3629=DIRECTION('ref_axis',(0.,1.,0.));
#3630=DIRECTION('',(0.,0.,1.));
#3631=DIRECTION('center_axis',(0.,1.,0.));
#3632=DIRECTION('ref_axis',(-1.,0.,0.));
#3633=DIRECTION('',(-1.,0.,0.));
#3634=DIRECTION('',(-1.,0.,0.));
#3635=DIRECTION('',(0.,0.,1.));
#3636=DIRECTION('center_axis',(0.,0.,1.));
#3637=DIRECTION('ref_axis',(1.,0.,0.));
#3638=DIRECTION('center_axis',(0.,0.,1.));
#3639=DIRECTION('ref_axis',(1.,0.,0.));
#3640=DIRECTION('center_axis',(0.,0.,1.));
#3641=DIRECTION('ref_axis',(1.,0.,0.));
#3642=DIRECTION('',(0.,0.,1.));
#3643=DIRECTION('center_axis',(1.,0.,0.));
#3644=DIRECTION('ref_axis',(0.,1.,0.));
#3645=DIRECTION('',(0.,1.,0.));
#3646=DIRECTION('',(0.,1.,0.));
#3647=DIRECTION('',(0.,0.,1.));
#3648=DIRECTION('center_axis',(0.,0.,1.));
#3649=DIRECTION('ref_axis',(-5.2245789394125E-16,-1.,0.));
#3650=DIRECTION('center_axis',(0.,0.,1.));
#3651=DIRECTION('ref_axis',(-5.2245789394125E-16,-1.,0.));
#3652=DIRECTION('center_axis',(0.,0.,1.));
#3653=DIRECTION('ref_axis',(-5.2245789394125E-16,-1.,0.));
#3654=DIRECTION('',(0.,0.,1.));
#3655=DIRECTION('center_axis',(-6.72862439166762E-17,-1.,0.));
#3656=DIRECTION('ref_axis',(1.,-6.72862439166762E-17,0.));
#3657=DIRECTION('',(1.,-6.72862439166762E-17,0.));
#3658=DIRECTION('',(1.,-6.72862439166762E-17,0.));
#3659=DIRECTION('',(0.,0.,1.));
#3660=DIRECTION('center_axis',(0.,0.,1.));
#3661=DIRECTION('ref_axis',(-1.,0.,0.));
#3662=DIRECTION('center_axis',(0.,0.,1.));
#3663=DIRECTION('ref_axis',(-1.,0.,0.));
#3664=DIRECTION('center_axis',(0.,0.,1.));
#3665=DIRECTION('ref_axis',(-1.,0.,0.));
#3666=DIRECTION('center_axis',(0.,0.,1.));
#3667=DIRECTION('ref_axis',(1.,0.,0.));
#3668=DIRECTION('center_axis',(0.,0.,1.));
#3669=DIRECTION('ref_axis',(1.,0.,0.));
#3670=DIRECTION('axis',(0.,0.,1.));
#3671=DIRECTION('refdir',(1.,0.,0.));
#3672=DIRECTION('center_axis',(0.,-1.,0.));
#3673=DIRECTION('ref_axis',(-1.,0.,0.));
#3674=DIRECTION('',(1.,0.,0.));
#3675=DIRECTION('',(0.,0.,-1.));
#3676=DIRECTION('',(-1.,0.,0.));
#3677=DIRECTION('',(0.,0.,-1.));
#3678=DIRECTION('center_axis',(1.,0.,0.));
#3679=DIRECTION('ref_axis',(0.,-1.,0.));
#3680=DIRECTION('',(0.,1.,0.));
#3681=DIRECTION('',(0.,-1.,0.));
#3682=DIRECTION('',(0.,0.,-1.));
#3683=DIRECTION('center_axis',(0.,1.,0.));
#3684=DIRECTION('ref_axis',(1.,0.,0.));
#3685=DIRECTION('',(-1.,0.,0.));
#3686=DIRECTION('',(1.,0.,0.));
#3687=DIRECTION('',(0.,0.,-1.));
#3688=DIRECTION('center_axis',(-1.,0.,0.));
#3689=DIRECTION('ref_axis',(0.,1.,0.));
#3690=DIRECTION('',(0.,-1.,0.));
#3691=DIRECTION('',(0.,1.,0.));
#3692=DIRECTION('center_axis',(0.,0.,1.));
#3693=DIRECTION('ref_axis',(1.,0.,0.));
#3694=DIRECTION('center_axis',(0.,0.,-1.));
#3695=DIRECTION('ref_axis',(-1.,0.,0.));
#3696=DIRECTION('center_axis',(0.,-1.,0.));
#3697=DIRECTION('ref_axis',(-1.,0.,0.));
#3698=DIRECTION('',(1.,0.,0.));
#3699=DIRECTION('',(0.,0.,-1.));
#3700=DIRECTION('',(-1.,0.,0.));
#3701=DIRECTION('',(0.,0.,-1.));
#3702=DIRECTION('center_axis',(1.,0.,0.));
#3703=DIRECTION('ref_axis',(0.,-1.,0.));
#3704=DIRECTION('',(0.,1.,0.));
#3705=DIRECTION('',(0.,-1.,0.));
#3706=DIRECTION('',(0.,0.,-1.));
#3707=DIRECTION('center_axis',(0.,1.,0.));
#3708=DIRECTION('ref_axis',(1.,0.,0.));
#3709=DIRECTION('',(-1.,0.,0.));
#3710=DIRECTION('',(1.,0.,0.));
#3711=DIRECTION('',(0.,0.,-1.));
#3712=DIRECTION('center_axis',(-1.,0.,0.));
#3713=DIRECTION('ref_axis',(0.,1.,0.));
#3714=DIRECTION('',(0.,-1.,0.));
#3715=DIRECTION('',(0.,1.,0.));
#3716=DIRECTION('center_axis',(0.,0.,1.));
#3717=DIRECTION('ref_axis',(1.,0.,0.));
#3718=DIRECTION('center_axis',(0.,0.,-1.));
#3719=DIRECTION('ref_axis',(-1.,0.,0.));
#3720=DIRECTION('axis',(0.,0.,1.));
#3721=DIRECTION('refdir',(1.,0.,0.));
#3722=DIRECTION('center_axis',(0.,-1.,0.));
#3723=DIRECTION('ref_axis',(-1.,0.,0.));
#3724=DIRECTION('',(1.,0.,0.));
#3725=DIRECTION('',(0.,0.,-1.));
#3726=DIRECTION('',(-1.,0.,0.));
#3727=DIRECTION('',(0.,0.,-1.));
#3728=DIRECTION('center_axis',(1.,0.,0.));
#3729=DIRECTION('ref_axis',(0.,-1.,0.));
#3730=DIRECTION('',(0.,1.,0.));
#3731=DIRECTION('',(0.,-1.,0.));
#3732=DIRECTION('',(0.,0.,-1.));
#3733=DIRECTION('center_axis',(0.,1.,0.));
#3734=DIRECTION('ref_axis',(1.,0.,0.));
#3735=DIRECTION('',(-1.,0.,0.));
#3736=DIRECTION('',(1.,0.,0.));
#3737=DIRECTION('',(0.,0.,-1.));
#3738=DIRECTION('center_axis',(-1.,0.,0.));
#3739=DIRECTION('ref_axis',(0.,1.,0.));
#3740=DIRECTION('',(0.,-1.,0.));
#3741=DIRECTION('',(0.,1.,0.));
#3742=DIRECTION('center_axis',(0.,0.,1.));
#3743=DIRECTION('ref_axis',(1.,0.,0.));
#3744=DIRECTION('center_axis',(0.,0.,-1.));
#3745=DIRECTION('ref_axis',(-1.,0.,0.));
#3746=DIRECTION('center_axis',(0.,-1.,0.));
#3747=DIRECTION('ref_axis',(-1.,0.,0.));
#3748=DIRECTION('',(1.,0.,0.));
#3749=DIRECTION('',(0.,0.,-1.));
#3750=DIRECTION('',(-1.,0.,0.));
#3751=DIRECTION('',(0.,0.,-1.));
#3752=DIRECTION('center_axis',(1.,0.,0.));
#3753=DIRECTION('ref_axis',(0.,-1.,0.));
#3754=DIRECTION('',(0.,1.,0.));
#3755=DIRECTION('',(0.,-1.,0.));
#3756=DIRECTION('',(0.,0.,-1.));
#3757=DIRECTION('center_axis',(0.,1.,0.));
#3758=DIRECTION('ref_axis',(1.,0.,0.));
#3759=DIRECTION('',(-1.,0.,0.));
#3760=DIRECTION('',(1.,0.,0.));
#3761=DIRECTION('',(0.,0.,-1.));
#3762=DIRECTION('center_axis',(-1.,0.,0.));
#3763=DIRECTION('ref_axis',(0.,1.,0.));
#3764=DIRECTION('',(0.,-1.,0.));
#3765=DIRECTION('',(0.,1.,0.));
#3766=DIRECTION('center_axis',(0.,0.,1.));
#3767=DIRECTION('ref_axis',(1.,0.,0.));
#3768=DIRECTION('center_axis',(0.,0.,-1.));
#3769=DIRECTION('ref_axis',(-1.,0.,0.));
#3770=DIRECTION('axis',(0.,0.,1.));
#3771=DIRECTION('refdir',(1.,0.,0.));
#3772=DIRECTION('center_axis',(1.,0.,0.));
#3773=DIRECTION('ref_axis',(0.,-1.,0.));
#3774=DIRECTION('',(0.,1.,0.));
#3775=DIRECTION('',(0.,0.,-1.));
#3776=DIRECTION('',(0.,-1.,0.));
#3777=DIRECTION('',(0.,0.,-1.));
#3778=DIRECTION('center_axis',(0.,1.,0.));
#3779=DIRECTION('ref_axis',(1.,0.,0.));
#3780=DIRECTION('',(-1.,0.,0.));
#3781=DIRECTION('',(1.,0.,0.));
#3782=DIRECTION('',(0.,0.,1.));
#3783=DIRECTION('center_axis',(0.,-1.,0.));
#3784=DIRECTION('ref_axis',(-1.,0.,0.));
#3785=DIRECTION('',(1.,0.,0.));
#3786=DIRECTION('',(0.,0.,-1.));
#3787=DIRECTION('',(-1.,0.,0.));
#3788=DIRECTION('center_axis',(0.,0.,1.));
#3789=DIRECTION('ref_axis',(1.,0.,0.));
#3790=DIRECTION('',(0.,1.,0.));
#3791=DIRECTION('center_axis',(0.,0.,-1.));
#3792=DIRECTION('ref_axis',(6.34413156928661E-16,1.,0.));
#3793=DIRECTION('',(1.,0.,0.));
#3794=DIRECTION('center_axis',(0.,0.,-1.));
#3795=DIRECTION('ref_axis',(1.,-6.34413156928661E-16,0.));
#3796=DIRECTION('',(0.,-1.,0.));
#3797=DIRECTION('center_axis',(0.,0.,-1.));
#3798=DIRECTION('ref_axis',(-1.26882631385732E-15,-1.,0.));
#3799=DIRECTION('',(-1.,0.,0.));
#3800=DIRECTION('center_axis',(0.,0.,-1.));
#3801=DIRECTION('ref_axis',(-1.,6.34413156928661E-16,0.));
#3802=DIRECTION('',(0.,1.,0.));
#3803=DIRECTION('center_axis',(-1.,0.,0.));
#3804=DIRECTION('ref_axis',(0.,1.,0.));
#3805=DIRECTION('',(0.,-1.,0.));
#3806=DIRECTION('',(0.,0.,-1.));
#3807=DIRECTION('center_axis',(0.,-1.,0.));
#3808=DIRECTION('ref_axis',(-1.,0.,0.));
#3809=DIRECTION('',(1.,0.,0.));
#3810=DIRECTION('',(0.,0.,-1.));
#3811=DIRECTION('',(0.,0.,-1.));
#3812=DIRECTION('center_axis',(0.,0.,-1.));
#3813=DIRECTION('ref_axis',(-1.26882631385732E-15,-1.,0.));
#3814=DIRECTION('center_axis',(0.,0.,1.));
#3815=DIRECTION('ref_axis',(-1.26882631385732E-15,-1.,0.));
#3816=DIRECTION('',(0.,0.,-1.));
#3817=DIRECTION('center_axis',(1.,0.,0.));
#3818=DIRECTION('ref_axis',(0.,-1.,0.));
#3819=DIRECTION('',(0.,1.,0.));
#3820=DIRECTION('',(0.,0.,-1.));
#3821=DIRECTION('center_axis',(0.,0.,-1.));
#3822=DIRECTION('ref_axis',(1.,-6.34413156928661E-16,0.));
#3823=DIRECTION('center_axis',(0.,0.,1.));
#3824=DIRECTION('ref_axis',(1.,-6.34413156928661E-16,0.));
#3825=DIRECTION('',(0.,0.,-1.));
#3826=DIRECTION('center_axis',(0.,1.,0.));
#3827=DIRECTION('ref_axis',(1.,0.,0.));
#3828=DIRECTION('',(-1.,0.,0.));
#3829=DIRECTION('',(0.,0.,-1.));
#3830=DIRECTION('center_axis',(0.,0.,-1.));
#3831=DIRECTION('ref_axis',(6.34413156928661E-16,1.,0.));
#3832=DIRECTION('center_axis',(0.,0.,1.));
#3833=DIRECTION('ref_axis',(6.34413156928661E-16,1.,0.));
#3834=DIRECTION('center_axis',(-1.,0.,0.));
#3835=DIRECTION('ref_axis',(0.,1.,0.));
#3836=DIRECTION('',(0.,0.,-1.));
#3837=DIRECTION('',(0.,-1.,0.));
#3838=DIRECTION('center_axis',(0.,0.,-1.));
#3839=DIRECTION('ref_axis',(-1.,6.34413156928661E-16,0.));
#3840=DIRECTION('center_axis',(0.,0.,1.));
#3841=DIRECTION('ref_axis',(-1.,6.34413156928661E-16,0.));
#3842=DIRECTION('center_axis',(0.,0.,1.));
#3843=DIRECTION('ref_axis',(1.,0.,0.));
#3844=DIRECTION('center_axis',(0.,1.,0.));
#3845=DIRECTION('ref_axis',(-1.,0.,0.));
#3846=DIRECTION('',(-1.,0.,0.));
#3847=DIRECTION('',(0.,0.,1.));
#3848=DIRECTION('',(-1.,0.,0.));
#3849=DIRECTION('',(0.,0.,1.));
#3850=DIRECTION('center_axis',(1.,0.,0.));
#3851=DIRECTION('ref_axis',(0.,1.,0.));
#3852=DIRECTION('',(0.,1.,0.));
#3853=DIRECTION('',(0.,1.,0.));
#3854=DIRECTION('',(0.,0.,1.));
#3855=DIRECTION('center_axis',(0.,-1.,0.));
#3856=DIRECTION('ref_axis',(1.,0.,0.));
#3857=DIRECTION('',(1.,0.,0.));
#3858=DIRECTION('',(1.,0.,0.));
#3859=DIRECTION('',(0.,0.,1.));
#3860=DIRECTION('center_axis',(-1.,0.,0.));
#3861=DIRECTION('ref_axis',(0.,-1.,0.));
#3862=DIRECTION('',(0.,-1.,0.));
#3863=DIRECTION('',(0.,-1.,0.));
#3864=DIRECTION('center_axis',(0.,0.,1.));
#3865=DIRECTION('ref_axis',(1.,0.,0.));
#3866=DIRECTION('center_axis',(0.,0.,1.));
#3867=DIRECTION('ref_axis',(1.,0.,0.));
#3868=DIRECTION('center_axis',(0.,1.,0.));
#3869=DIRECTION('ref_axis',(-1.,0.,0.));
#3870=DIRECTION('',(-1.,0.,0.));
#3871=DIRECTION('',(0.,0.,1.));
#3872=DIRECTION('',(-1.,0.,0.));
#3873=DIRECTION('',(0.,0.,1.));
#3874=DIRECTION('center_axis',(1.,0.,0.));
#3875=DIRECTION('ref_axis',(0.,1.,0.));
#3876=DIRECTION('',(0.,1.,0.));
#3877=DIRECTION('',(0.,1.,0.));
#3878=DIRECTION('',(0.,0.,1.));
#3879=DIRECTION('center_axis',(0.,-1.,0.));
#3880=DIRECTION('ref_axis',(1.,0.,0.));
#3881=DIRECTION('',(1.,0.,0.));
#3882=DIRECTION('',(1.,0.,0.));
#3883=DIRECTION('',(0.,0.,1.));
#3884=DIRECTION('center_axis',(-1.,0.,0.));
#3885=DIRECTION('ref_axis',(0.,-1.,0.));
#3886=DIRECTION('',(0.,-1.,0.));
#3887=DIRECTION('',(0.,-1.,0.));
#3888=DIRECTION('center_axis',(0.,0.,1.));
#3889=DIRECTION('ref_axis',(1.,0.,0.));
#3890=DIRECTION('center_axis',(0.,0.,1.));
#3891=DIRECTION('ref_axis',(1.,0.,0.));
#3892=DIRECTION('center_axis',(0.,1.,0.));
#3893=DIRECTION('ref_axis',(-1.,0.,0.));
#3894=DIRECTION('',(-1.,0.,0.));
#3895=DIRECTION('',(0.,0.,1.));
#3896=DIRECTION('',(-1.,0.,0.));
#3897=DIRECTION('',(0.,0.,1.));
#3898=DIRECTION('center_axis',(1.,0.,0.));
#3899=DIRECTION('ref_axis',(0.,1.,0.));
#3900=DIRECTION('',(0.,1.,0.));
#3901=DIRECTION('',(0.,1.,0.));
#3902=DIRECTION('',(0.,0.,1.));
#3903=DIRECTION('center_axis',(0.,-1.,0.));
#3904=DIRECTION('ref_axis',(1.,0.,0.));
#3905=DIRECTION('',(1.,0.,0.));
#3906=DIRECTION('',(1.,0.,0.));
#3907=DIRECTION('',(0.,0.,1.));
#3908=DIRECTION('center_axis',(-1.,0.,0.));
#3909=DIRECTION('ref_axis',(0.,-1.,0.));
#3910=DIRECTION('',(0.,-1.,0.));
#3911=DIRECTION('',(0.,-1.,0.));
#3912=DIRECTION('center_axis',(0.,0.,1.));
#3913=DIRECTION('ref_axis',(1.,0.,0.));
#3914=DIRECTION('center_axis',(0.,0.,1.));
#3915=DIRECTION('ref_axis',(1.,0.,0.));
#3916=DIRECTION('center_axis',(0.,1.,0.));
#3917=DIRECTION('ref_axis',(-1.,0.,0.));
#3918=DIRECTION('',(-1.,0.,0.));
#3919=DIRECTION('',(0.,0.,1.));
#3920=DIRECTION('',(-1.,0.,0.));
#3921=DIRECTION('',(0.,0.,1.));
#3922=DIRECTION('center_axis',(1.,0.,0.));
#3923=DIRECTION('ref_axis',(0.,1.,0.));
#3924=DIRECTION('',(0.,1.,0.));
#3925=DIRECTION('',(0.,1.,0.));
#3926=DIRECTION('',(0.,0.,1.));
#3927=DIRECTION('center_axis',(0.,-1.,0.));
#3928=DIRECTION('ref_axis',(1.,0.,0.));
#3929=DIRECTION('',(1.,0.,0.));
#3930=DIRECTION('',(1.,0.,0.));
#3931=DIRECTION('',(0.,0.,1.));
#3932=DIRECTION('center_axis',(-1.,0.,0.));
#3933=DIRECTION('ref_axis',(0.,-1.,0.));
#3934=DIRECTION('',(0.,-1.,0.));
#3935=DIRECTION('',(0.,-1.,0.));
#3936=DIRECTION('center_axis',(0.,0.,1.));
#3937=DIRECTION('ref_axis',(1.,0.,0.));
#3938=DIRECTION('center_axis',(0.,0.,1.));
#3939=DIRECTION('ref_axis',(1.,0.,0.));
#3940=DIRECTION('center_axis',(0.,1.,0.));
#3941=DIRECTION('ref_axis',(-1.,0.,0.));
#3942=DIRECTION('',(-1.,0.,0.));
#3943=DIRECTION('',(0.,0.,1.));
#3944=DIRECTION('',(-1.,0.,0.));
#3945=DIRECTION('',(0.,0.,1.));
#3946=DIRECTION('center_axis',(1.,0.,0.));
#3947=DIRECTION('ref_axis',(0.,1.,0.));
#3948=DIRECTION('',(0.,1.,0.));
#3949=DIRECTION('',(0.,1.,0.));
#3950=DIRECTION('',(0.,0.,1.));
#3951=DIRECTION('center_axis',(0.,-1.,0.));
#3952=DIRECTION('ref_axis',(1.,0.,0.));
#3953=DIRECTION('',(1.,0.,0.));
#3954=DIRECTION('',(1.,0.,0.));
#3955=DIRECTION('',(0.,0.,1.));
#3956=DIRECTION('center_axis',(-1.,0.,0.));
#3957=DIRECTION('ref_axis',(0.,-1.,0.));
#3958=DIRECTION('',(0.,-1.,0.));
#3959=DIRECTION('',(0.,-1.,0.));
#3960=DIRECTION('center_axis',(0.,0.,1.));
#3961=DIRECTION('ref_axis',(1.,0.,0.));
#3962=DIRECTION('center_axis',(0.,0.,1.));
#3963=DIRECTION('ref_axis',(1.,0.,0.));
#3964=DIRECTION('center_axis',(0.,1.,0.));
#3965=DIRECTION('ref_axis',(-1.,0.,0.));
#3966=DIRECTION('',(-1.,0.,0.));
#3967=DIRECTION('',(0.,0.,1.));
#3968=DIRECTION('',(-1.,0.,0.));
#3969=DIRECTION('',(0.,0.,1.));
#3970=DIRECTION('center_axis',(1.,0.,0.));
#3971=DIRECTION('ref_axis',(0.,1.,0.));
#3972=DIRECTION('',(0.,1.,0.));
#3973=DIRECTION('',(0.,1.,0.));
#3974=DIRECTION('',(0.,0.,1.));
#3975=DIRECTION('center_axis',(0.,-1.,0.));
#3976=DIRECTION('ref_axis',(1.,0.,0.));
#3977=DIRECTION('',(1.,0.,0.));
#3978=DIRECTION('',(1.,0.,0.));
#3979=DIRECTION('',(0.,0.,1.));
#3980=DIRECTION('center_axis',(-1.,0.,0.));
#3981=DIRECTION('ref_axis',(0.,-1.,0.));
#3982=DIRECTION('',(0.,-1.,0.));
#3983=DIRECTION('',(0.,-1.,0.));
#3984=DIRECTION('center_axis',(0.,0.,1.));
#3985=DIRECTION('ref_axis',(1.,0.,0.));
#3986=DIRECTION('center_axis',(0.,0.,1.));
#3987=DIRECTION('ref_axis',(1.,0.,0.));
#3988=DIRECTION('center_axis',(0.,1.,0.));
#3989=DIRECTION('ref_axis',(-1.,0.,0.));
#3990=DIRECTION('',(-1.,0.,0.));
#3991=DIRECTION('',(0.,0.,1.));
#3992=DIRECTION('',(-1.,0.,0.));
#3993=DIRECTION('',(0.,0.,1.));
#3994=DIRECTION('center_axis',(1.,0.,0.));
#3995=DIRECTION('ref_axis',(0.,1.,0.));
#3996=DIRECTION('',(0.,1.,0.));
#3997=DIRECTION('',(0.,1.,0.));
#3998=DIRECTION('',(0.,0.,1.));
#3999=DIRECTION('center_axis',(0.,-1.,0.));
#4000=DIRECTION('ref_axis',(1.,0.,0.));
#4001=DIRECTION('',(1.,0.,0.));
#4002=DIRECTION('',(1.,0.,0.));
#4003=DIRECTION('',(0.,0.,1.));
#4004=DIRECTION('center_axis',(-1.,0.,0.));
#4005=DIRECTION('ref_axis',(0.,-1.,0.));
#4006=DIRECTION('',(0.,-1.,0.));
#4007=DIRECTION('',(0.,-1.,0.));
#4008=DIRECTION('center_axis',(0.,0.,1.));
#4009=DIRECTION('ref_axis',(1.,0.,0.));
#4010=DIRECTION('center_axis',(0.,0.,1.));
#4011=DIRECTION('ref_axis',(1.,0.,0.));
#4012=DIRECTION('center_axis',(0.,1.,0.));
#4013=DIRECTION('ref_axis',(-1.,0.,0.));
#4014=DIRECTION('',(-1.,0.,0.));
#4015=DIRECTION('',(0.,0.,1.));
#4016=DIRECTION('',(-1.,0.,0.));
#4017=DIRECTION('',(0.,0.,1.));
#4018=DIRECTION('center_axis',(1.,0.,0.));
#4019=DIRECTION('ref_axis',(0.,1.,0.));
#4020=DIRECTION('',(0.,1.,0.));
#4021=DIRECTION('',(0.,1.,0.));
#4022=DIRECTION('',(0.,0.,1.));
#4023=DIRECTION('center_axis',(0.,-1.,0.));
#4024=DIRECTION('ref_axis',(1.,0.,0.));
#4025=DIRECTION('',(1.,0.,0.));
#4026=DIRECTION('',(1.,0.,0.));
#4027=DIRECTION('',(0.,0.,1.));
#4028=DIRECTION('center_axis',(-1.,0.,0.));
#4029=DIRECTION('ref_axis',(0.,-1.,0.));
#4030=DIRECTION('',(0.,-1.,0.));
#4031=DIRECTION('',(0.,-1.,0.));
#4032=DIRECTION('center_axis',(0.,0.,1.));
#4033=DIRECTION('ref_axis',(1.,0.,0.));
#4034=DIRECTION('center_axis',(0.,0.,1.));
#4035=DIRECTION('ref_axis',(1.,0.,0.));
#4036=DIRECTION('center_axis',(0.,1.,0.));
#4037=DIRECTION('ref_axis',(-1.,0.,0.));
#4038=DIRECTION('',(-1.,0.,0.));
#4039=DIRECTION('',(0.,0.,1.));
#4040=DIRECTION('',(-1.,0.,0.));
#4041=DIRECTION('',(0.,0.,1.));
#4042=DIRECTION('center_axis',(1.,0.,0.));
#4043=DIRECTION('ref_axis',(0.,1.,0.));
#4044=DIRECTION('',(0.,1.,0.));
#4045=DIRECTION('',(0.,1.,0.));
#4046=DIRECTION('',(0.,0.,1.));
#4047=DIRECTION('center_axis',(0.,-1.,0.));
#4048=DIRECTION('ref_axis',(1.,0.,0.));
#4049=DIRECTION('',(1.,0.,0.));
#4050=DIRECTION('',(1.,0.,0.));
#4051=DIRECTION('',(0.,0.,1.));
#4052=DIRECTION('center_axis',(-1.,0.,0.));
#4053=DIRECTION('ref_axis',(0.,-1.,0.));
#4054=DIRECTION('',(0.,-1.,0.));
#4055=DIRECTION('',(0.,-1.,0.));
#4056=DIRECTION('center_axis',(0.,0.,1.));
#4057=DIRECTION('ref_axis',(1.,0.,0.));
#4058=DIRECTION('center_axis',(0.,0.,1.));
#4059=DIRECTION('ref_axis',(1.,0.,0.));
#4060=DIRECTION('center_axis',(0.,1.,0.));
#4061=DIRECTION('ref_axis',(-1.,0.,0.));
#4062=DIRECTION('',(-1.,0.,0.));
#4063=DIRECTION('',(0.,0.,1.));
#4064=DIRECTION('',(-1.,0.,0.));
#4065=DIRECTION('',(0.,0.,1.));
#4066=DIRECTION('center_axis',(1.,0.,0.));
#4067=DIRECTION('ref_axis',(0.,1.,0.));
#4068=DIRECTION('',(0.,1.,0.));
#4069=DIRECTION('',(0.,1.,0.));
#4070=DIRECTION('',(0.,0.,1.));
#4071=DIRECTION('center_axis',(0.,-1.,0.));
#4072=DIRECTION('ref_axis',(1.,0.,0.));
#4073=DIRECTION('',(1.,0.,0.));
#4074=DIRECTION('',(1.,0.,0.));
#4075=DIRECTION('',(0.,0.,1.));
#4076=DIRECTION('center_axis',(-1.,0.,0.));
#4077=DIRECTION('ref_axis',(0.,-1.,0.));
#4078=DIRECTION('',(0.,-1.,0.));
#4079=DIRECTION('',(0.,-1.,0.));
#4080=DIRECTION('center_axis',(0.,0.,1.));
#4081=DIRECTION('ref_axis',(1.,0.,0.));
#4082=DIRECTION('center_axis',(0.,0.,1.));
#4083=DIRECTION('ref_axis',(1.,0.,0.));
#4084=DIRECTION('axis',(0.,0.,1.));
#4085=DIRECTION('refdir',(1.,0.,0.));
#4086=DIRECTION('center_axis',(0.,-1.,0.));
#4087=DIRECTION('ref_axis',(-1.,0.,0.));
#4088=DIRECTION('',(1.,0.,0.));
#4089=DIRECTION('',(0.,0.,-1.));
#4090=DIRECTION('',(-1.,0.,0.));
#4091=DIRECTION('',(0.,0.,-1.));
#4092=DIRECTION('center_axis',(1.,0.,0.));
#4093=DIRECTION('ref_axis',(0.,-1.,0.));
#4094=DIRECTION('',(0.,1.,0.));
#4095=DIRECTION('',(0.,-1.,0.));
#4096=DIRECTION('',(0.,0.,-1.));
#4097=DIRECTION('center_axis',(0.,1.,0.));
#4098=DIRECTION('ref_axis',(1.,0.,0.));
#4099=DIRECTION('',(-1.,0.,0.));
#4100=DIRECTION('',(1.,0.,0.));
#4101=DIRECTION('',(0.,0.,-1.));
#4102=DIRECTION('center_axis',(-1.,0.,0.));
#4103=DIRECTION('ref_axis',(0.,1.,0.));
#4104=DIRECTION('',(0.,-1.,0.));
#4105=DIRECTION('',(0.,1.,0.));
#4106=DIRECTION('center_axis',(0.,0.,1.));
#4107=DIRECTION('ref_axis',(1.,0.,0.));
#4108=DIRECTION('center_axis',(0.,0.,-1.));
#4109=DIRECTION('ref_axis',(-1.,0.,0.));
#4110=DIRECTION('center_axis',(0.,1.,0.));
#4111=DIRECTION('ref_axis',(-1.,0.,0.));
#4112=DIRECTION('',(-1.,0.,0.));
#4113=DIRECTION('',(0.,0.,1.));
#4114=DIRECTION('',(-1.,0.,0.));
#4115=DIRECTION('',(0.,0.,1.));
#4116=DIRECTION('center_axis',(1.,0.,0.));
#4117=DIRECTION('ref_axis',(0.,1.,0.));
#4118=DIRECTION('',(0.,1.,0.));
#4119=DIRECTION('',(0.,1.,0.));
#4120=DIRECTION('',(0.,0.,1.));
#4121=DIRECTION('center_axis',(0.,-1.,0.));
#4122=DIRECTION('ref_axis',(1.,0.,0.));
#4123=DIRECTION('',(1.,0.,0.));
#4124=DIRECTION('',(1.,0.,0.));
#4125=DIRECTION('',(0.,0.,1.));
#4126=DIRECTION('center_axis',(-1.,0.,0.));
#4127=DIRECTION('ref_axis',(0.,-1.,0.));
#4128=DIRECTION('',(0.,-1.,0.));
#4129=DIRECTION('',(0.,-1.,0.));
#4130=DIRECTION('center_axis',(0.,0.,1.));
#4131=DIRECTION('ref_axis',(1.,0.,0.));
#4132=DIRECTION('center_axis',(0.,0.,1.));
#4133=DIRECTION('ref_axis',(1.,0.,0.));
#4134=DIRECTION('axis',(0.,0.,1.));
#4135=DIRECTION('refdir',(1.,0.,0.));
#4136=DIRECTION('center_axis',(0.,-1.,0.));
#4137=DIRECTION('ref_axis',(-1.,0.,0.));
#4138=DIRECTION('',(1.,0.,0.));
#4139=DIRECTION('',(0.,0.,-1.));
#4140=DIRECTION('',(-1.,0.,0.));
#4141=DIRECTION('',(0.,0.,-1.));
#4142=DIRECTION('center_axis',(0.,0.,-1.));
#4143=DIRECTION('ref_axis',(0.,-1.,0.));
#4144=DIRECTION('center_axis',(0.,0.,1.));
#4145=DIRECTION('ref_axis',(0.,-1.,0.));
#4146=DIRECTION('center_axis',(0.,0.,-1.));
#4147=DIRECTION('ref_axis',(0.,-1.,0.));
#4148=DIRECTION('',(0.,0.,-1.));
#4149=DIRECTION('center_axis',(1.,0.,0.));
#4150=DIRECTION('ref_axis',(0.,-1.,0.));
#4151=DIRECTION('',(0.,1.,0.));
#4152=DIRECTION('',(0.,-1.,0.));
#4153=DIRECTION('',(0.,0.,-1.));
#4154=DIRECTION('center_axis',(0.,0.,-1.));
#4155=DIRECTION('ref_axis',(1.,0.,0.));
#4156=DIRECTION('center_axis',(0.,0.,1.));
#4157=DIRECTION('ref_axis',(1.,0.,0.));
#4158=DIRECTION('center_axis',(0.,0.,-1.));
#4159=DIRECTION('ref_axis',(1.,0.,0.));
#4160=DIRECTION('',(0.,0.,-1.));
#4161=DIRECTION('center_axis',(0.,1.,0.));
#4162=DIRECTION('ref_axis',(1.,0.,0.));
#4163=DIRECTION('',(-1.,0.,0.));
#4164=DIRECTION('',(1.,0.,0.));
#4165=DIRECTION('',(0.,0.,-1.));
#4166=DIRECTION('center_axis',(0.,0.,-1.));
#4167=DIRECTION('ref_axis',(0.,1.,0.));
#4168=DIRECTION('center_axis',(0.,0.,1.));
#4169=DIRECTION('ref_axis',(0.,1.,0.));
#4170=DIRECTION('center_axis',(0.,0.,-1.));
#4171=DIRECTION('ref_axis',(0.,1.,0.));
#4172=DIRECTION('',(0.,0.,-1.));
#4173=DIRECTION('center_axis',(-1.,0.,0.));
#4174=DIRECTION('ref_axis',(0.,1.,0.));
#4175=DIRECTION('',(0.,-1.,0.));
#4176=DIRECTION('',(0.,1.,0.));
#4177=DIRECTION('',(0.,0.,-1.));
#4178=DIRECTION('center_axis',(0.,0.,-1.));
#4179=DIRECTION('ref_axis',(-1.,0.,0.));
#4180=DIRECTION('center_axis',(0.,0.,1.));
#4181=DIRECTION('ref_axis',(-1.,0.,0.));
#4182=DIRECTION('center_axis',(0.,0.,-1.));
#4183=DIRECTION('ref_axis',(-1.,0.,0.));
#4184=DIRECTION('center_axis',(0.,0.,1.));
#4185=DIRECTION('ref_axis',(1.,0.,0.));
#4186=DIRECTION('center_axis',(0.,0.,1.));
#4187=DIRECTION('ref_axis',(1.,0.,0.));
#4188=DIRECTION('axis',(0.,0.,1.));
#4189=DIRECTION('refdir',(1.,0.,0.));
#4190=DIRECTION('center_axis',(0.,0.,-1.));
#4191=DIRECTION('ref_axis',(1.,0.,0.));
#4192=DIRECTION('center_axis',(0.,0.,-1.));
#4193=DIRECTION('ref_axis',(1.,0.,0.));
#4194=DIRECTION('',(0.,0.,1.));
#4195=DIRECTION('center_axis',(0.,0.,1.));
#4196=DIRECTION('ref_axis',(1.,0.,0.));
#4197=DIRECTION('center_axis',(0.,0.,1.));
#4198=DIRECTION('ref_axis',(1.,0.,0.));
#4199=DIRECTION('center_axis',(0.,0.,1.));
#4200=DIRECTION('ref_axis',(1.,0.,0.));
#4201=DIRECTION('axis',(0.,0.,1.));
#4202=DIRECTION('refdir',(1.,0.,0.));
#4203=DIRECTION('center_axis',(0.,0.,-1.));
#4204=DIRECTION('ref_axis',(1.,0.,0.));
#4205=DIRECTION('center_axis',(0.,0.,-1.));
#4206=DIRECTION('ref_axis',(1.,0.,0.));
#4207=DIRECTION('',(0.,0.,1.));
#4208=DIRECTION('center_axis',(0.,0.,1.));
#4209=DIRECTION('ref_axis',(1.,0.,0.));
#4210=DIRECTION('center_axis',(0.,0.,1.));
#4211=DIRECTION('ref_axis',(1.,0.,0.));
#4212=DIRECTION('center_axis',(0.,0.,1.));
#4213=DIRECTION('ref_axis',(1.,0.,0.));
#4214=DIRECTION('center_axis',(0.,0.,-1.));
#4215=DIRECTION('ref_axis',(1.,0.,0.));
#4216=DIRECTION('center_axis',(0.,0.,-1.));
#4217=DIRECTION('ref_axis',(1.,0.,0.));
#4218=DIRECTION('',(0.,0.,1.));
#4219=DIRECTION('center_axis',(0.,0.,1.));
#4220=DIRECTION('ref_axis',(1.,0.,0.));
#4221=DIRECTION('center_axis',(0.,0.,1.));
#4222=DIRECTION('ref_axis',(1.,0.,0.));
#4223=DIRECTION('center_axis',(0.,0.,1.));
#4224=DIRECTION('ref_axis',(1.,0.,0.));
#4225=DIRECTION('center_axis',(0.,0.,-1.));
#4226=DIRECTION('ref_axis',(1.,0.,0.));
#4227=DIRECTION('center_axis',(0.,0.,-1.));
#4228=DIRECTION('ref_axis',(1.,0.,0.));
#4229=DIRECTION('',(0.,0.,1.));
#4230=DIRECTION('center_axis',(0.,0.,1.));
#4231=DIRECTION('ref_axis',(1.,0.,0.));
#4232=DIRECTION('center_axis',(0.,0.,1.));
#4233=DIRECTION('ref_axis',(1.,0.,0.));
#4234=DIRECTION('center_axis',(0.,0.,1.));
#4235=DIRECTION('ref_axis',(1.,0.,0.));
#4236=DIRECTION('',(0.,0.,1.));
#4237=DIRECTION('',(1.,0.,0.));
#4238=DIRECTION('',(0.,0.,1.));
#4239=DIRECTION('',(1.,0.,0.));
#4240=DIRECTION('',(0.,0.,1.));
#4241=DIRECTION('',(1.,0.,0.));
#4242=DIRECTION('',(0.,0.,1.));
#4243=DIRECTION('',(1.,0.,0.));
#4244=DIRECTION('',(0.,0.,1.));
#4245=DIRECTION('',(1.,0.,0.));
#4246=DIRECTION('',(0.,0.,1.));
#4247=DIRECTION('',(1.,0.,0.));
#4248=DIRECTION('',(0.,0.,1.));
#4249=DIRECTION('',(1.,0.,0.));
#4250=DIRECTION('',(0.,0.,1.));
#4251=DIRECTION('',(1.,0.,0.));
#4252=CARTESIAN_POINT('',(0.,0.,0.));
#4253=CARTESIAN_POINT('',(0.,0.,0.));
#4254=CARTESIAN_POINT('Origin',(-5.0579678744869,20.3,-3.82788099904666));
#4255=CARTESIAN_POINT('',(-6.0579678744869,19.5,-3.82788099904666));
#4256=CARTESIAN_POINT('',(-5.0579678744869,19.5,-2.82788099904666));
#4257=CARTESIAN_POINT('Origin',(-5.0579678744869,19.5,-3.82788099904666));
#4258=CARTESIAN_POINT('',(-5.0579678744869,18.,-2.82788099904666));
#4259=CARTESIAN_POINT('',(-5.0579678744869,20.3,-2.82788099904666));
#4260=CARTESIAN_POINT('',(-6.0579678744869,18.,-3.82788099904666));
#4261=CARTESIAN_POINT('Origin',(-5.0579678744869,18.,-3.82788099904666));
#4262=CARTESIAN_POINT('',(-6.0579678744869,20.3,-3.82788099904666));
#4263=CARTESIAN_POINT('Origin',(6.00000008940697,20.3,-2.82788099904666));
#4264=CARTESIAN_POINT('',(5.00000008940697,19.5,-2.82788099904666));
#4265=CARTESIAN_POINT('',(-11.2789839372434,19.5,-2.82788099904666));
#4266=CARTESIAN_POINT('',(5.00000008940697,18.,-2.82788099904666));
#4267=CARTESIAN_POINT('',(5.00000008940697,20.3,-2.82788099904666));
#4268=CARTESIAN_POINT('',(-5.24999995529652,18.,-2.82788099904666));
#4269=CARTESIAN_POINT('Origin',(5.00000008940697,20.3,-3.82788099904666));
#4270=CARTESIAN_POINT('',(6.00000008940697,19.5,-3.82788099904666));
#4271=CARTESIAN_POINT('Origin',(5.00000008940697,19.5,-3.82788099904666));
#4272=CARTESIAN_POINT('',(6.00000008940697,18.,-3.82788099904666));
#4273=CARTESIAN_POINT('',(6.00000008940697,20.3,-3.82788099904666));
#4274=CARTESIAN_POINT('Origin',(5.00000008940697,18.,-3.82788099904666));
#4275=CARTESIAN_POINT('Origin',(6.00000008940697,20.3,-6.07903261133751));
#4276=CARTESIAN_POINT('',(6.00000008940697,19.5,-5.07903261133751));
#4277=CARTESIAN_POINT('',(6.00000008940697,19.5,-1.41394049952333));
#4278=CARTESIAN_POINT('',(6.00000008940697,18.,-5.07903261133751));
#4279=CARTESIAN_POINT('',(6.00000008940697,20.3,-5.07903261133751));
#4280=CARTESIAN_POINT('',(6.00000008940697,18.,-3.03951630566876));
#4281=CARTESIAN_POINT('Origin',(5.00000008940697,20.3,-5.07903261133751));
#4282=CARTESIAN_POINT('',(5.00000008940697,19.5,-6.07903261133751));
#4283=CARTESIAN_POINT('Origin',(5.00000008940697,19.5,-5.07903261133751));
#4284=CARTESIAN_POINT('',(5.00000008940697,18.,-6.07903261133751));
#4285=CARTESIAN_POINT('',(5.00000008940697,20.3,-6.07903261133751));
#4286=CARTESIAN_POINT('Origin',(5.00000008940697,18.,-5.07903261133751));
#4287=CARTESIAN_POINT('Origin',(-6.0579678744869,20.3,-6.07903261133751));
#4288=CARTESIAN_POINT('',(-5.0579678744869,19.5,-6.07903261133751));
#4289=CARTESIAN_POINT('',(-5.24999995529652,19.5,-6.07903261133751));
#4290=CARTESIAN_POINT('',(-5.0579678744869,18.,-6.07903261133751));
#4291=CARTESIAN_POINT('',(-5.0579678744869,20.3,-6.07903261133751));
#4292=CARTESIAN_POINT('',(-11.2789839372435,18.,-6.07903261133751));
#4293=CARTESIAN_POINT('Origin',(-5.0579678744869,20.3,-5.07903261133751));
#4294=CARTESIAN_POINT('',(-6.0579678744869,19.5,-5.07903261133751));
#4295=CARTESIAN_POINT('Origin',(-5.0579678744869,19.5,-5.07903261133751));
#4296=CARTESIAN_POINT('',(-6.0579678744869,18.,-5.07903261133751));
#4297=CARTESIAN_POINT('',(-6.0579678744869,20.3,-5.07903261133751));
#4298=CARTESIAN_POINT('Origin',(-5.0579678744869,18.,-5.07903261133751));
#4299=CARTESIAN_POINT('Origin',(-6.0579678744869,20.3,-2.82788099904666));
#4300=CARTESIAN_POINT('',(-6.0579678744869,18.,-1.41394049952333));
#4301=CARTESIAN_POINT('',(-6.0579678744869,19.5,-3.03951630566876));
#4302=CARTESIAN_POINT('Origin',(-16.,-6.9,0.));
#4303=CARTESIAN_POINT('',(-23.5,-6.9,-2.6));
#4304=CARTESIAN_POINT('',(-23.5,-6.9,0.));
#4305=CARTESIAN_POINT('',(-23.5,-6.9,0.));
#4306=CARTESIAN_POINT('',(-24.,-6.9,-2.6));
#4307=CARTESIAN_POINT('',(-24.,-6.9,-2.6));
#4308=CARTESIAN_POINT('',(-24.,-6.9,0.));
#4309=CARTESIAN_POINT('',(-24.,-6.9,0.));
#4310=CARTESIAN_POINT('',(-8.,-6.9,0.));
#4311=CARTESIAN_POINT('Origin',(-24.,6.9,0.));
#4312=CARTESIAN_POINT('',(-23.5,6.9,0.));
#4313=CARTESIAN_POINT('',(-23.5,6.9,-2.6));
#4314=CARTESIAN_POINT('',(-23.5,6.9,0.));
#4315=CARTESIAN_POINT('',(-24.,6.9,0.));
#4316=CARTESIAN_POINT('',(-12.,6.9,0.));
#4317=CARTESIAN_POINT('',(-24.,6.9,-2.6));
#4318=CARTESIAN_POINT('',(-24.,6.9,0.));
#4319=CARTESIAN_POINT('',(-16.,6.9,-2.6));
#4320=CARTESIAN_POINT('Origin',(-24.,-6.9,0.));
#4321=CARTESIAN_POINT('',(-24.,-3.45,0.));
#4322=CARTESIAN_POINT('',(-24.,6.9,-2.6));
#4323=CARTESIAN_POINT('Origin',(-20.,0.,-2.6));
#4324=CARTESIAN_POINT('',(-23.5,-5.5,-2.6));
#4325=CARTESIAN_POINT('Origin',(0.,0.,0.));
#4326=CARTESIAN_POINT('',(-25.,-11.,0.));
#4327=CARTESIAN_POINT('',(-16.5,-19.5,0.));
#4328=CARTESIAN_POINT('Origin',(-16.5,-11.,0.));
#4329=CARTESIAN_POINT('',(16.5,-19.5,0.));
#4330=CARTESIAN_POINT('',(-16.5,-19.5,0.));
#4331=CARTESIAN_POINT('',(25.,-11.,0.));
#4332=CARTESIAN_POINT('Origin',(16.5,-11.,0.));
#4333=CARTESIAN_POINT('',(25.,11.,0.));
#4334=CARTESIAN_POINT('',(25.,-11.,0.));
#4335=CARTESIAN_POINT('',(16.5,19.5,0.));
#4336=CARTESIAN_POINT('Origin',(16.5,11.,0.));
#4337=CARTESIAN_POINT('',(-16.5,19.5,0.));
#4338=CARTESIAN_POINT('',(16.5,19.5,0.));
#4339=CARTESIAN_POINT('',(-25.,11.,0.));
#4340=CARTESIAN_POINT('Origin',(-16.5,11.,0.));
#4341=CARTESIAN_POINT('',(-25.,11.,0.));
#4342=CARTESIAN_POINT('',(-23.5,11.,0.));
#4343=CARTESIAN_POINT('',(-23.5,-5.5,0.));
#4344=CARTESIAN_POINT('',(-16.5,18.,0.));
#4345=CARTESIAN_POINT('Origin',(-16.5,11.,0.));
#4346=CARTESIAN_POINT('',(16.5,18.,0.));
#4347=CARTESIAN_POINT('',(-8.25,18.,0.));
#4348=CARTESIAN_POINT('',(23.5,11.,0.));
#4349=CARTESIAN_POINT('Origin',(16.5,11.,0.));
#4350=CARTESIAN_POINT('',(23.5,-11.,0.));
#4351=CARTESIAN_POINT('',(23.5,5.5,0.));
#4352=CARTESIAN_POINT('',(16.5,-18.,0.));
#4353=CARTESIAN_POINT('Origin',(16.5,-11.,0.));
#4354=CARTESIAN_POINT('',(-16.5,-18.,0.));
#4355=CARTESIAN_POINT('',(8.25,-18.,0.));
#4356=CARTESIAN_POINT('',(-23.5,-11.,0.));
#4357=CARTESIAN_POINT('Origin',(-16.5,-11.,0.));
#4358=CARTESIAN_POINT('',(-23.5,-5.5,0.));
#4359=CARTESIAN_POINT('Origin',(16.5,-18.,0.));
#4360=CARTESIAN_POINT('',(16.5,-18.,-9.));
#4361=CARTESIAN_POINT('',(16.5,-18.,0.));
#4362=CARTESIAN_POINT('',(-16.5,-18.,-9.));
#4363=CARTESIAN_POINT('',(-16.5,-18.,-9.));
#4364=CARTESIAN_POINT('',(-16.5,-18.,0.));
#4365=CARTESIAN_POINT('Origin',(16.5,-11.,0.));
#4366=CARTESIAN_POINT('',(23.5,-11.,-9.));
#4367=CARTESIAN_POINT('',(23.5,-11.,0.));
#4368=CARTESIAN_POINT('Origin',(16.5,-11.,-9.));
#4369=CARTESIAN_POINT('Origin',(23.5,11.,0.));
#4370=CARTESIAN_POINT('',(23.5,11.,-9.));
#4371=CARTESIAN_POINT('',(23.5,11.,0.));
#4372=CARTESIAN_POINT('',(23.5,-11.,-9.));
#4373=CARTESIAN_POINT('Origin',(16.5,11.,0.));
#4374=CARTESIAN_POINT('',(16.5,18.,-9.));
#4375=CARTESIAN_POINT('',(16.5,18.,0.));
#4376=CARTESIAN_POINT('Origin',(16.5,11.,-9.));
#4377=CARTESIAN_POINT('Origin',(-16.5,18.,0.));
#4378=CARTESIAN_POINT('',(-16.5,18.,-9.));
#4379=CARTESIAN_POINT('',(-16.5,18.,0.));
#4380=CARTESIAN_POINT('',(16.5,18.,-9.));
#4381=CARTESIAN_POINT('Origin',(-16.5,11.,0.));
#4382=CARTESIAN_POINT('',(-23.5,11.,-9.));
#4383=CARTESIAN_POINT('',(-23.5,11.,0.));
#4384=CARTESIAN_POINT('Origin',(-16.5,11.,-9.));
#4385=CARTESIAN_POINT('Origin',(-23.5,-11.,0.));
#4386=CARTESIAN_POINT('',(-23.5,-11.,-9.));
#4387=CARTESIAN_POINT('',(-23.5,-11.,0.));
#4388=CARTESIAN_POINT('',(-23.5,11.,-9.));
#4389=CARTESIAN_POINT('Origin',(-16.5,-11.,0.));
#4390=CARTESIAN_POINT('Origin',(-16.5,-11.,-9.));
#4391=CARTESIAN_POINT('Origin',(0.,0.,-9.));
#4392=CARTESIAN_POINT('Origin',(16.5,-19.5,0.));
#4393=CARTESIAN_POINT('',(-16.5,-19.5,-10.5));
#4394=CARTESIAN_POINT('',(-16.5,-19.5,0.));
#4395=CARTESIAN_POINT('',(16.5,-19.5,-10.5));
#4396=CARTESIAN_POINT('',(-16.5,-19.5,-10.5));
#4397=CARTESIAN_POINT('',(16.5,-19.5,0.));
#4398=CARTESIAN_POINT('Origin',(16.5,-11.,0.));
#4399=CARTESIAN_POINT('',(25.,-11.,-10.5));
#4400=CARTESIAN_POINT('Origin',(16.5,-11.,-10.5));
#4401=CARTESIAN_POINT('',(25.,-11.,0.));
#4402=CARTESIAN_POINT('Origin',(25.,11.,0.));
#4403=CARTESIAN_POINT('',(25.,11.,-10.5));
#4404=CARTESIAN_POINT('',(25.,-11.,-10.5));
#4405=CARTESIAN_POINT('',(25.,11.,0.));
#4406=CARTESIAN_POINT('Origin',(16.5,11.,0.));
#4407=CARTESIAN_POINT('',(16.5,19.5,-10.5));
#4408=CARTESIAN_POINT('Origin',(16.5,11.,-10.5));
#4409=CARTESIAN_POINT('',(16.5,19.5,0.));
#4410=CARTESIAN_POINT('Origin',(-16.5,19.5,0.));
#4411=CARTESIAN_POINT('',(-16.5,19.5,-10.5));
#4412=CARTESIAN_POINT('',(16.5,19.5,-10.5));
#4413=CARTESIAN_POINT('',(-16.5,19.5,0.));
#4414=CARTESIAN_POINT('Origin',(-16.5,11.,0.));
#4415=CARTESIAN_POINT('',(-25.,11.,-10.5));
#4416=CARTESIAN_POINT('Origin',(-16.5,11.,-10.5));
#4417=CARTESIAN_POINT('',(-25.,11.,0.));
#4418=CARTESIAN_POINT('Origin',(-25.,-11.,0.));
#4419=CARTESIAN_POINT('',(-25.,-11.,-10.5));
#4420=CARTESIAN_POINT('',(-25.,11.,-10.5));
#4421=CARTESIAN_POINT('',(-25.,-11.,0.));
#4422=CARTESIAN_POINT('Origin',(-16.5,-11.,0.));
#4423=CARTESIAN_POINT('Origin',(-16.5,-11.,-10.5));
#4424=CARTESIAN_POINT('Origin',(0.,0.,-10.5));
#4425=CARTESIAN_POINT('Origin',(13.8,-12.3,0.));
#4426=CARTESIAN_POINT('',(13.8,12.3,1.5));
#4427=CARTESIAN_POINT('',(13.8,-12.3,1.5));
#4428=CARTESIAN_POINT('',(13.8,-6.15,1.5));
#4429=CARTESIAN_POINT('',(13.8,12.3,0.));
#4430=CARTESIAN_POINT('',(13.8,12.3,0.));
#4431=CARTESIAN_POINT('',(13.8,-12.3,0.));
#4432=CARTESIAN_POINT('',(13.8,-6.15,0.));
#4433=CARTESIAN_POINT('',(13.8,-12.3,0.));
#4434=CARTESIAN_POINT('Origin',(12.3,-12.3,0.));
#4435=CARTESIAN_POINT('',(12.3,-13.8,1.5));
#4436=CARTESIAN_POINT('Origin',(12.3,-12.3,1.5));
#4437=CARTESIAN_POINT('',(12.3,-13.8,0.));
#4438=CARTESIAN_POINT('Origin',(12.3,-12.3,0.));
#4439=CARTESIAN_POINT('',(12.3,-13.8,0.));
#4440=CARTESIAN_POINT('Origin',(-12.3,-13.8,0.));
#4441=CARTESIAN_POINT('',(-12.3,-13.8,1.5));
#4442=CARTESIAN_POINT('',(-6.15,-13.8,1.5));
#4443=CARTESIAN_POINT('',(-12.3,-13.8,0.));
#4444=CARTESIAN_POINT('',(-6.15,-13.8,0.));
#4445=CARTESIAN_POINT('',(-12.3,-13.8,0.));
#4446=CARTESIAN_POINT('Origin',(-12.3,-12.3,0.));
#4447=CARTESIAN_POINT('',(-13.8,-12.3,1.5));
#4448=CARTESIAN_POINT('Origin',(-12.3,-12.3,1.5));
#4449=CARTESIAN_POINT('',(-13.8,-12.3,0.));
#4450=CARTESIAN_POINT('Origin',(-12.3,-12.3,0.));
#4451=CARTESIAN_POINT('',(-13.8,-12.3,0.));
#4452=CARTESIAN_POINT('Origin',(-13.8,12.3,0.));
#4453=CARTESIAN_POINT('',(-13.8,12.3,1.5));
#4454=CARTESIAN_POINT('',(-13.8,6.15,1.5));
#4455=CARTESIAN_POINT('',(-13.8,12.3,0.));
#4456=CARTESIAN_POINT('',(-13.8,6.15,0.));
#4457=CARTESIAN_POINT('',(-13.8,12.3,0.));
#4458=CARTESIAN_POINT('Origin',(-12.3,12.3,0.));
#4459=CARTESIAN_POINT('',(-12.3,13.8,1.5));
#4460=CARTESIAN_POINT('Origin',(-12.3,12.3,1.5));
#4461=CARTESIAN_POINT('',(-12.3,13.8,0.));
#4462=CARTESIAN_POINT('Origin',(-12.3,12.3,0.));
#4463=CARTESIAN_POINT('',(-12.3,13.8,0.));
#4464=CARTESIAN_POINT('Origin',(12.3,13.8,0.));
#4465=CARTESIAN_POINT('',(12.3,13.8,1.5));
#4466=CARTESIAN_POINT('',(6.15,13.8,1.5));
#4467=CARTESIAN_POINT('',(12.3,13.8,0.));
#4468=CARTESIAN_POINT('',(6.15,13.8,0.));
#4469=CARTESIAN_POINT('',(12.3,13.8,0.));
#4470=CARTESIAN_POINT('Origin',(12.3,12.3,0.));
#4471=CARTESIAN_POINT('Origin',(12.3,12.3,1.5));
#4472=CARTESIAN_POINT('Origin',(12.3,12.3,0.));
#4473=CARTESIAN_POINT('Origin',(-25.,11.,0.));
#4474=CARTESIAN_POINT('',(-25.,11.,0.));
#4475=CARTESIAN_POINT('',(-25.,-11.,0.));
#4476=CARTESIAN_POINT('',(-25.,11.,0.));
#4477=CARTESIAN_POINT('',(-25.,-11.,1.5));
#4478=CARTESIAN_POINT('',(-25.,-11.,0.));
#4479=CARTESIAN_POINT('',(-25.,11.,1.5));
#4480=CARTESIAN_POINT('',(-25.,11.,1.5));
#4481=CARTESIAN_POINT('',(-25.,11.,0.));
#4482=CARTESIAN_POINT('Origin',(-16.5,11.,0.));
#4483=CARTESIAN_POINT('',(-16.5,19.5,0.));
#4484=CARTESIAN_POINT('Origin',(-16.5,11.,0.));
#4485=CARTESIAN_POINT('',(-16.5,19.5,1.5));
#4486=CARTESIAN_POINT('Origin',(-16.5,11.,1.5));
#4487=CARTESIAN_POINT('',(-16.5,19.5,0.));
#4488=CARTESIAN_POINT('Origin',(16.5,19.5,0.));
#4489=CARTESIAN_POINT('',(16.5,19.5,0.));
#4490=CARTESIAN_POINT('',(16.5,19.5,0.));
#4491=CARTESIAN_POINT('',(16.5,19.5,1.5));
#4492=CARTESIAN_POINT('',(16.5,19.5,1.5));
#4493=CARTESIAN_POINT('',(16.5,19.5,0.));
#4494=CARTESIAN_POINT('Origin',(16.5,11.,0.));
#4495=CARTESIAN_POINT('',(25.,11.,0.));
#4496=CARTESIAN_POINT('Origin',(16.5,11.,0.));
#4497=CARTESIAN_POINT('',(25.,11.,1.5));
#4498=CARTESIAN_POINT('Origin',(16.5,11.,1.5));
#4499=CARTESIAN_POINT('',(25.,11.,0.));
#4500=CARTESIAN_POINT('Origin',(25.,-11.,0.));
#4501=CARTESIAN_POINT('',(25.,-11.,0.));
#4502=CARTESIAN_POINT('',(25.,-11.,0.));
#4503=CARTESIAN_POINT('',(25.,-11.,1.5));
#4504=CARTESIAN_POINT('',(25.,-11.,1.5));
#4505=CARTESIAN_POINT('',(25.,-11.,0.));
#4506=CARTESIAN_POINT('Origin',(16.5,-11.,0.));
#4507=CARTESIAN_POINT('',(16.5,-19.5,0.));
#4508=CARTESIAN_POINT('Origin',(16.5,-11.,0.));
#4509=CARTESIAN_POINT('',(16.5,-19.5,1.5));
#4510=CARTESIAN_POINT('Origin',(16.5,-11.,1.5));
#4511=CARTESIAN_POINT('',(16.5,-19.5,0.));
#4512=CARTESIAN_POINT('Origin',(-16.5,-19.5,0.));
#4513=CARTESIAN_POINT('',(-16.5,-19.5,0.));
#4514=CARTESIAN_POINT('',(-16.5,-19.5,0.));
#4515=CARTESIAN_POINT('',(-16.5,-19.5,1.5));
#4516=CARTESIAN_POINT('',(-16.5,-19.5,1.5));
#4517=CARTESIAN_POINT('',(-16.5,-19.5,0.));
#4518=CARTESIAN_POINT('Origin',(-16.5,-11.,0.));
#4519=CARTESIAN_POINT('Origin',(-16.5,-11.,0.));
#4520=CARTESIAN_POINT('Origin',(-16.5,-11.,1.5));
#4521=CARTESIAN_POINT('Origin',(0.,0.,1.5));
#4522=CARTESIAN_POINT('Origin',(0.,0.,0.));
#4523=CARTESIAN_POINT('',(0.,0.,0.));
#4524=CARTESIAN_POINT('Origin',(-25.,-8.6,0.));
#4525=CARTESIAN_POINT('',(-27.5,-8.6,0.));
#4526=CARTESIAN_POINT('',(-25.,-8.6,0.));
#4527=CARTESIAN_POINT('',(-27.5,-8.6,0.));
#4528=CARTESIAN_POINT('',(-27.5,-8.6,-10.5));
#4529=CARTESIAN_POINT('',(-27.5,-8.6,0.));
#4530=CARTESIAN_POINT('',(-25.,-8.6,-10.5));
#4531=CARTESIAN_POINT('',(-27.5,-8.6,-10.5));
#4532=CARTESIAN_POINT('',(-25.,-8.6,0.));
#4533=CARTESIAN_POINT('Origin',(-25.,-7.4,0.));
#4534=CARTESIAN_POINT('',(-25.,-7.4,0.));
#4535=CARTESIAN_POINT('',(-25.,-8.6,0.));
#4536=CARTESIAN_POINT('',(-25.,-7.4,-10.5));
#4537=CARTESIAN_POINT('',(-25.,-8.6,-10.5));
#4538=CARTESIAN_POINT('',(-25.,-7.4,0.));
#4539=CARTESIAN_POINT('Origin',(-27.5,-7.4,0.));
#4540=CARTESIAN_POINT('',(-27.5,-7.4,0.));
#4541=CARTESIAN_POINT('',(-25.,-7.4,0.));
#4542=CARTESIAN_POINT('',(-27.5,-7.4,-10.5));
#4543=CARTESIAN_POINT('',(-25.,-7.4,-10.5));
#4544=CARTESIAN_POINT('',(-27.5,-7.4,0.));
#4545=CARTESIAN_POINT('Origin',(-27.5,-8.6,0.));
#4546=CARTESIAN_POINT('',(-27.5,-7.4,0.));
#4547=CARTESIAN_POINT('',(-27.5,-7.4,-10.5));
#4548=CARTESIAN_POINT('Origin',(-26.25,-8.,0.));
#4549=CARTESIAN_POINT('Origin',(-26.25,-8.,-10.5));
#4550=CARTESIAN_POINT('Origin',(-25.,7.4,0.));
#4551=CARTESIAN_POINT('',(-27.5,7.4,0.));
#4552=CARTESIAN_POINT('',(-25.,7.4,0.));
#4553=CARTESIAN_POINT('',(-27.5,7.4,0.));
#4554=CARTESIAN_POINT('',(-27.5,7.4,-10.5));
#4555=CARTESIAN_POINT('',(-27.5,7.4,0.));
#4556=CARTESIAN_POINT('',(-25.,7.4,-10.5));
#4557=CARTESIAN_POINT('',(-27.5,7.4,-10.5));
#4558=CARTESIAN_POINT('',(-25.,7.4,0.));
#4559=CARTESIAN_POINT('Origin',(-25.,8.6,0.));
#4560=CARTESIAN_POINT('',(-25.,8.6,0.));
#4561=CARTESIAN_POINT('',(-25.,7.4,0.));
#4562=CARTESIAN_POINT('',(-25.,8.6,-10.5));
#4563=CARTESIAN_POINT('',(-25.,7.4,-10.5));
#4564=CARTESIAN_POINT('',(-25.,8.6,0.));
#4565=CARTESIAN_POINT('Origin',(-27.5,8.6,0.));
#4566=CARTESIAN_POINT('',(-27.5,8.6,0.));
#4567=CARTESIAN_POINT('',(-25.,8.6,0.));
#4568=CARTESIAN_POINT('',(-27.5,8.6,-10.5));
#4569=CARTESIAN_POINT('',(-25.,8.6,-10.5));
#4570=CARTESIAN_POINT('',(-27.5,8.6,0.));
#4571=CARTESIAN_POINT('Origin',(-27.5,7.4,0.));
#4572=CARTESIAN_POINT('',(-27.5,8.6,0.));
#4573=CARTESIAN_POINT('',(-27.5,8.6,-10.5));
#4574=CARTESIAN_POINT('Origin',(-26.25,8.,0.));
#4575=CARTESIAN_POINT('Origin',(-26.25,8.,-10.5));
#4576=CARTESIAN_POINT('',(0.,0.,0.));
#4577=CARTESIAN_POINT('Origin',(27.5,-8.6,0.));
#4578=CARTESIAN_POINT('',(25.,-8.6,0.));
#4579=CARTESIAN_POINT('',(27.5,-8.6,0.));
#4580=CARTESIAN_POINT('',(25.,-8.6,0.));
#4581=CARTESIAN_POINT('',(25.,-8.6,-10.5));
#4582=CARTESIAN_POINT('',(25.,-8.6,0.));
#4583=CARTESIAN_POINT('',(27.5,-8.6,-10.5));
#4584=CARTESIAN_POINT('',(25.,-8.6,-10.5));
#4585=CARTESIAN_POINT('',(27.5,-8.6,0.));
#4586=CARTESIAN_POINT('Origin',(27.5,-7.4,0.));
#4587=CARTESIAN_POINT('',(27.5,-7.4,0.));
#4588=CARTESIAN_POINT('',(27.5,-8.6,0.));
#4589=CARTESIAN_POINT('',(27.5,-7.4,-10.5));
#4590=CARTESIAN_POINT('',(27.5,-8.6,-10.5));
#4591=CARTESIAN_POINT('',(27.5,-7.4,0.));
#4592=CARTESIAN_POINT('Origin',(25.,-7.4,0.));
#4593=CARTESIAN_POINT('',(25.,-7.4,0.));
#4594=CARTESIAN_POINT('',(27.5,-7.4,0.));
#4595=CARTESIAN_POINT('',(25.,-7.4,-10.5));
#4596=CARTESIAN_POINT('',(27.5,-7.4,-10.5));
#4597=CARTESIAN_POINT('',(25.,-7.4,0.));
#4598=CARTESIAN_POINT('Origin',(25.,-8.6,0.));
#4599=CARTESIAN_POINT('',(25.,-7.4,0.));
#4600=CARTESIAN_POINT('',(25.,-7.4,-10.5));
#4601=CARTESIAN_POINT('Origin',(26.25,-8.,0.));
#4602=CARTESIAN_POINT('Origin',(26.25,-8.,-10.5));
#4603=CARTESIAN_POINT('Origin',(27.5,7.4,0.));
#4604=CARTESIAN_POINT('',(25.,7.4,0.));
#4605=CARTESIAN_POINT('',(27.5,7.4,0.));
#4606=CARTESIAN_POINT('',(25.,7.4,0.));
#4607=CARTESIAN_POINT('',(25.,7.4,-10.5));
#4608=CARTESIAN_POINT('',(25.,7.4,0.));
#4609=CARTESIAN_POINT('',(27.5,7.4,-10.5));
#4610=CARTESIAN_POINT('',(25.,7.4,-10.5));
#4611=CARTESIAN_POINT('',(27.5,7.4,0.));
#4612=CARTESIAN_POINT('Origin',(27.5,8.6,0.));
#4613=CARTESIAN_POINT('',(27.5,8.6,0.));
#4614=CARTESIAN_POINT('',(27.5,7.4,0.));
#4615=CARTESIAN_POINT('',(27.5,8.6,-10.5));
#4616=CARTESIAN_POINT('',(27.5,7.4,-10.5));
#4617=CARTESIAN_POINT('',(27.5,8.6,0.));
#4618=CARTESIAN_POINT('Origin',(25.,8.6,0.));
#4619=CARTESIAN_POINT('',(25.,8.6,0.));
#4620=CARTESIAN_POINT('',(27.5,8.6,0.));
#4621=CARTESIAN_POINT('',(25.,8.6,-10.5));
#4622=CARTESIAN_POINT('',(27.5,8.6,-10.5));
#4623=CARTESIAN_POINT('',(25.,8.6,0.));
#4624=CARTESIAN_POINT('Origin',(25.,7.4,0.));
#4625=CARTESIAN_POINT('',(25.,8.6,0.));
#4626=CARTESIAN_POINT('',(25.,8.6,-10.5));
#4627=CARTESIAN_POINT('Origin',(26.25,8.,0.));
#4628=CARTESIAN_POINT('Origin',(26.25,8.,-10.5));
#4629=CARTESIAN_POINT('',(0.,0.,0.));
#4630=CARTESIAN_POINT('Origin',(-16.,6.9,-5.));
#4631=CARTESIAN_POINT('',(-16.,-6.9,-6.6));
#4632=CARTESIAN_POINT('',(-16.,6.9,-6.6));
#4633=CARTESIAN_POINT('',(-16.,3.45,-6.6));
#4634=CARTESIAN_POINT('',(-16.,-6.9,-5.));
#4635=CARTESIAN_POINT('',(-16.,-6.9,-5.));
#4636=CARTESIAN_POINT('',(-16.,6.9,-5.));
#4637=CARTESIAN_POINT('',(-16.,3.45,-5.));
#4638=CARTESIAN_POINT('',(-16.,6.9,-5.));
#4639=CARTESIAN_POINT('Origin',(-24.,6.9,-5.));
#4640=CARTESIAN_POINT('',(-23.,6.9,-6.6));
#4641=CARTESIAN_POINT('',(-12.,6.9,-6.6));
#4642=CARTESIAN_POINT('',(-23.,6.9,-5.));
#4643=CARTESIAN_POINT('',(-12.,6.9,-5.));
#4644=CARTESIAN_POINT('',(-23.,6.9,-5.));
#4645=CARTESIAN_POINT('Origin',(-16.,-6.9,-5.));
#4646=CARTESIAN_POINT('',(-23.,-6.9,-6.6));
#4647=CARTESIAN_POINT('',(-8.,-6.9,-6.6));
#4648=CARTESIAN_POINT('',(-23.,-6.9,-5.));
#4649=CARTESIAN_POINT('',(-23.,-6.9,-5.));
#4650=CARTESIAN_POINT('',(-8.,-6.9,-5.));
#4651=CARTESIAN_POINT('Origin',(0.,0.,-6.6));
#4652=CARTESIAN_POINT('',(-23.,10.5,-6.6));
#4653=CARTESIAN_POINT('',(-23.,10.5,-6.6));
#4654=CARTESIAN_POINT('',(-16.,17.5,-6.6));
#4655=CARTESIAN_POINT('Origin',(-16.,10.5,-6.6));
#4656=CARTESIAN_POINT('',(16.,17.5,-6.6));
#4657=CARTESIAN_POINT('',(16.,17.5,-6.6));
#4658=CARTESIAN_POINT('',(23.,10.5,-6.6));
#4659=CARTESIAN_POINT('Origin',(16.,10.5,-6.6));
#4660=CARTESIAN_POINT('',(23.,-10.5,-6.6));
#4661=CARTESIAN_POINT('',(23.,-10.5,-6.6));
#4662=CARTESIAN_POINT('',(16.,-17.5,-6.6));
#4663=CARTESIAN_POINT('Origin',(16.,-10.5,-6.6));
#4664=CARTESIAN_POINT('',(-16.,-17.5,-6.6));
#4665=CARTESIAN_POINT('',(-16.,-17.5,-6.6));
#4666=CARTESIAN_POINT('',(-23.,-10.5,-6.6));
#4667=CARTESIAN_POINT('Origin',(-16.,-10.5,-6.6));
#4668=CARTESIAN_POINT('',(-23.,10.5,-6.6));
#4669=CARTESIAN_POINT('Origin',(-23.,-10.5,-5.));
#4670=CARTESIAN_POINT('',(-23.,10.5,-5.));
#4671=CARTESIAN_POINT('',(-23.,10.5,-5.));
#4672=CARTESIAN_POINT('',(-23.,10.5,-5.));
#4673=CARTESIAN_POINT('Origin',(16.,-17.5,-5.));
#4674=CARTESIAN_POINT('',(-16.,-17.5,-5.));
#4675=CARTESIAN_POINT('',(16.,-17.5,-5.));
#4676=CARTESIAN_POINT('',(-16.,-17.5,-5.));
#4677=CARTESIAN_POINT('',(-16.,-17.5,-5.));
#4678=CARTESIAN_POINT('',(16.,-17.5,-5.));
#4679=CARTESIAN_POINT('Origin',(16.,-10.5,-5.));
#4680=CARTESIAN_POINT('',(23.,-10.5,-5.));
#4681=CARTESIAN_POINT('Origin',(16.,-10.5,-5.));
#4682=CARTESIAN_POINT('',(23.,-10.5,-5.));
#4683=CARTESIAN_POINT('Origin',(23.,10.5,-5.));
#4684=CARTESIAN_POINT('',(23.,10.5,-5.));
#4685=CARTESIAN_POINT('',(23.,-10.5,-5.));
#4686=CARTESIAN_POINT('',(23.,10.5,-5.));
#4687=CARTESIAN_POINT('Origin',(16.,10.5,-5.));
#4688=CARTESIAN_POINT('',(16.,17.5,-5.));
#4689=CARTESIAN_POINT('Origin',(16.,10.5,-5.));
#4690=CARTESIAN_POINT('',(16.,17.5,-5.));
#4691=CARTESIAN_POINT('Origin',(-16.,17.5,-5.));
#4692=CARTESIAN_POINT('',(-16.,17.5,-5.));
#4693=CARTESIAN_POINT('',(16.,17.5,-5.));
#4694=CARTESIAN_POINT('',(-16.,17.5,-5.));
#4695=CARTESIAN_POINT('Origin',(-16.,10.5,-5.));
#4696=CARTESIAN_POINT('Origin',(-16.,10.5,-5.));
#4697=CARTESIAN_POINT('Origin',(-23.,-10.5,-5.));
#4698=CARTESIAN_POINT('',(-23.,-10.5,-5.));
#4699=CARTESIAN_POINT('',(-23.,-10.5,-5.));
#4700=CARTESIAN_POINT('',(-23.,10.5,-5.));
#4701=CARTESIAN_POINT('Origin',(-16.,-10.5,-5.));
#4702=CARTESIAN_POINT('Origin',(-16.,-10.5,-5.));
#4703=CARTESIAN_POINT('Origin',(0.,0.,-5.));
#4704=CARTESIAN_POINT('Origin',(3.5,2.,-5.));
#4705=CARTESIAN_POINT('',(3.5,2.,-5.));
#4706=CARTESIAN_POINT('',(-3.5,2.,-5.));
#4707=CARTESIAN_POINT('',(3.5,2.,-5.));
#4708=CARTESIAN_POINT('',(-3.5,2.,-4.2));
#4709=CARTESIAN_POINT('',(-3.5,2.,-5.));
#4710=CARTESIAN_POINT('',(3.5,2.,-4.2));
#4711=CARTESIAN_POINT('',(3.5,2.,-4.2));
#4712=CARTESIAN_POINT('',(3.5,2.,-5.));
#4713=CARTESIAN_POINT('Origin',(3.5,-5.,-5.));
#4714=CARTESIAN_POINT('',(3.5,-5.,-5.));
#4715=CARTESIAN_POINT('',(3.5,-5.,-5.));
#4716=CARTESIAN_POINT('',(3.5,-5.,-4.2));
#4717=CARTESIAN_POINT('',(3.5,-5.,-4.2));
#4718=CARTESIAN_POINT('',(3.5,-5.,-5.));
#4719=CARTESIAN_POINT('Origin',(-3.5,-5.,-5.));
#4720=CARTESIAN_POINT('',(-3.5,-5.,-5.));
#4721=CARTESIAN_POINT('',(-3.5,-5.,-5.));
#4722=CARTESIAN_POINT('',(-3.5,-5.,-4.2));
#4723=CARTESIAN_POINT('',(-3.5,-5.,-4.2));
#4724=CARTESIAN_POINT('',(-3.5,-5.,-5.));
#4725=CARTESIAN_POINT('Origin',(-3.5,2.,-5.));
#4726=CARTESIAN_POINT('',(-3.5,2.,-5.));
#4727=CARTESIAN_POINT('',(-3.5,2.,-4.2));
#4728=CARTESIAN_POINT('Origin',(0.,-1.5,-4.2));
#4729=CARTESIAN_POINT('Origin',(0.,-1.5,-5.));
#4730=CARTESIAN_POINT('Origin',(-6.,4.,-5.));
#4731=CARTESIAN_POINT('',(-6.,4.,-5.));
#4732=CARTESIAN_POINT('',(-8.,4.,-5.));
#4733=CARTESIAN_POINT('',(-6.,4.,-5.));
#4734=CARTESIAN_POINT('',(-8.,4.,-4.5));
#4735=CARTESIAN_POINT('',(-8.,4.,-5.));
#4736=CARTESIAN_POINT('',(-6.,4.,-4.5));
#4737=CARTESIAN_POINT('',(-6.,4.,-4.5));
#4738=CARTESIAN_POINT('',(-6.,4.,-5.));
#4739=CARTESIAN_POINT('Origin',(-6.,2.,-5.));
#4740=CARTESIAN_POINT('',(-6.,2.,-5.));
#4741=CARTESIAN_POINT('',(-6.,2.,-5.));
#4742=CARTESIAN_POINT('',(-6.,2.,-4.5));
#4743=CARTESIAN_POINT('',(-6.,2.,-4.5));
#4744=CARTESIAN_POINT('',(-6.,2.,-5.));
#4745=CARTESIAN_POINT('Origin',(-8.,2.,-5.));
#4746=CARTESIAN_POINT('',(-8.,2.,-5.));
#4747=CARTESIAN_POINT('',(-8.,2.,-5.));
#4748=CARTESIAN_POINT('',(-8.,2.,-4.5));
#4749=CARTESIAN_POINT('',(-8.,2.,-4.5));
#4750=CARTESIAN_POINT('',(-8.,2.,-5.));
#4751=CARTESIAN_POINT('Origin',(-8.,4.,-5.));
#4752=CARTESIAN_POINT('',(-8.,4.,-5.));
#4753=CARTESIAN_POINT('',(-8.,4.,-4.5));
#4754=CARTESIAN_POINT('Origin',(-7.,3.,-4.5));
#4755=CARTESIAN_POINT('Origin',(-7.,3.,-5.));
#4756=CARTESIAN_POINT('Origin',(-6.,-4.,-5.));
#4757=CARTESIAN_POINT('',(-6.,-4.,-5.));
#4758=CARTESIAN_POINT('',(-8.,-4.,-5.));
#4759=CARTESIAN_POINT('',(-6.,-4.,-5.));
#4760=CARTESIAN_POINT('',(-8.,-4.,-4.5));
#4761=CARTESIAN_POINT('',(-8.,-4.,-5.));
#4762=CARTESIAN_POINT('',(-6.,-4.,-4.5));
#4763=CARTESIAN_POINT('',(-6.,-4.,-4.5));
#4764=CARTESIAN_POINT('',(-6.,-4.,-5.));
#4765=CARTESIAN_POINT('Origin',(-6.,-6.,-5.));
#4766=CARTESIAN_POINT('',(-6.,-6.,-5.));
#4767=CARTESIAN_POINT('',(-6.,-6.,-5.));
#4768=CARTESIAN_POINT('',(-6.,-6.,-4.5));
#4769=CARTESIAN_POINT('',(-6.,-6.,-4.5));
#4770=CARTESIAN_POINT('',(-6.,-6.,-5.));
#4771=CARTESIAN_POINT('Origin',(-8.,-6.,-5.));
#4772=CARTESIAN_POINT('',(-8.,-6.,-5.));
#4773=CARTESIAN_POINT('',(-8.,-6.,-5.));
#4774=CARTESIAN_POINT('',(-8.,-6.,-4.5));
#4775=CARTESIAN_POINT('',(-8.,-6.,-4.5));
#4776=CARTESIAN_POINT('',(-8.,-6.,-5.));
#4777=CARTESIAN_POINT('Origin',(-8.,-4.,-5.));
#4778=CARTESIAN_POINT('',(-8.,-4.,-5.));
#4779=CARTESIAN_POINT('',(-8.,-4.,-4.5));
#4780=CARTESIAN_POINT('Origin',(-7.,-5.,-4.5));
#4781=CARTESIAN_POINT('Origin',(-7.,-5.,-5.));
#4782=CARTESIAN_POINT('Origin',(17.6,4.3,-5.));
#4783=CARTESIAN_POINT('',(17.6,4.3,-5.));
#4784=CARTESIAN_POINT('',(14.4,4.3,-5.));
#4785=CARTESIAN_POINT('',(17.6,4.3,-5.));
#4786=CARTESIAN_POINT('',(14.4,4.3,-4.5));
#4787=CARTESIAN_POINT('',(14.4,4.3,-5.));
#4788=CARTESIAN_POINT('',(17.6,4.3,-4.5));
#4789=CARTESIAN_POINT('',(17.6,4.3,-4.5));
#4790=CARTESIAN_POINT('',(17.6,4.3,-5.));
#4791=CARTESIAN_POINT('Origin',(17.6,2.7,-5.));
#4792=CARTESIAN_POINT('',(17.6,2.7,-5.));
#4793=CARTESIAN_POINT('',(17.6,2.7,-5.));
#4794=CARTESIAN_POINT('',(17.6,2.7,-4.5));
#4795=CARTESIAN_POINT('',(17.6,2.7,-4.5));
#4796=CARTESIAN_POINT('',(17.6,2.7,-5.));
#4797=CARTESIAN_POINT('Origin',(14.4,2.7,-5.));
#4798=CARTESIAN_POINT('',(14.4,2.7,-5.));
#4799=CARTESIAN_POINT('',(14.4,2.7,-5.));
#4800=CARTESIAN_POINT('',(14.4,2.7,-4.5));
#4801=CARTESIAN_POINT('',(14.4,2.7,-4.5));
#4802=CARTESIAN_POINT('',(14.4,2.7,-5.));
#4803=CARTESIAN_POINT('Origin',(14.4,4.3,-5.));
#4804=CARTESIAN_POINT('',(14.4,4.3,-5.));
#4805=CARTESIAN_POINT('',(14.4,4.3,-4.5));
#4806=CARTESIAN_POINT('Origin',(16.,3.5,-4.5));
#4807=CARTESIAN_POINT('Origin',(16.,3.5,-5.));
#4808=CARTESIAN_POINT('Origin',(-9.5,5.3,-5.));
#4809=CARTESIAN_POINT('',(-9.5,5.3,-5.));
#4810=CARTESIAN_POINT('',(-10.5,5.3,-5.));
#4811=CARTESIAN_POINT('',(-9.5,5.3,-5.));
#4812=CARTESIAN_POINT('',(-10.5,5.3,-4.7));
#4813=CARTESIAN_POINT('',(-10.5,5.3,-5.));
#4814=CARTESIAN_POINT('',(-9.5,5.3,-4.7));
#4815=CARTESIAN_POINT('',(-9.5,5.3,-4.7));
#4816=CARTESIAN_POINT('',(-9.5,5.3,-5.));
#4817=CARTESIAN_POINT('Origin',(-9.5,4.7,-5.));
#4818=CARTESIAN_POINT('',(-9.5,4.7,-5.));
#4819=CARTESIAN_POINT('',(-9.5,4.7,-5.));
#4820=CARTESIAN_POINT('',(-9.5,4.7,-4.7));
#4821=CARTESIAN_POINT('',(-9.5,4.7,-4.7));
#4822=CARTESIAN_POINT('',(-9.5,4.7,-5.));
#4823=CARTESIAN_POINT('Origin',(-10.5,4.7,-5.));
#4824=CARTESIAN_POINT('',(-10.5,4.7,-5.));
#4825=CARTESIAN_POINT('',(-10.5,4.7,-5.));
#4826=CARTESIAN_POINT('',(-10.5,4.7,-4.7));
#4827=CARTESIAN_POINT('',(-10.5,4.7,-4.7));
#4828=CARTESIAN_POINT('',(-10.5,4.7,-5.));
#4829=CARTESIAN_POINT('Origin',(-10.5,5.3,-5.));
#4830=CARTESIAN_POINT('',(-10.5,5.3,-5.));
#4831=CARTESIAN_POINT('',(-10.5,5.3,-4.7));
#4832=CARTESIAN_POINT('Origin',(-10.,5.,-4.7));
#4833=CARTESIAN_POINT('Origin',(-10.,5.,-5.));
#4834=CARTESIAN_POINT('Origin',(10.5,8.3,-5.));
#4835=CARTESIAN_POINT('',(10.5,8.3,-5.));
#4836=CARTESIAN_POINT('',(9.5,8.3,-5.));
#4837=CARTESIAN_POINT('',(10.5,8.3,-5.));
#4838=CARTESIAN_POINT('',(9.5,8.3,-4.7));
#4839=CARTESIAN_POINT('',(9.5,8.3,-5.));
#4840=CARTESIAN_POINT('',(10.5,8.3,-4.7));
#4841=CARTESIAN_POINT('',(10.5,8.3,-4.7));
#4842=CARTESIAN_POINT('',(10.5,8.3,-5.));
#4843=CARTESIAN_POINT('Origin',(10.5,7.7,-5.));
#4844=CARTESIAN_POINT('',(10.5,7.7,-5.));
#4845=CARTESIAN_POINT('',(10.5,7.7,-5.));
#4846=CARTESIAN_POINT('',(10.5,7.7,-4.7));
#4847=CARTESIAN_POINT('',(10.5,7.7,-4.7));
#4848=CARTESIAN_POINT('',(10.5,7.7,-5.));
#4849=CARTESIAN_POINT('Origin',(9.5,7.7,-5.));
#4850=CARTESIAN_POINT('',(9.5,7.7,-5.));
#4851=CARTESIAN_POINT('',(9.5,7.7,-5.));
#4852=CARTESIAN_POINT('',(9.5,7.7,-4.7));
#4853=CARTESIAN_POINT('',(9.5,7.7,-4.7));
#4854=CARTESIAN_POINT('',(9.5,7.7,-5.));
#4855=CARTESIAN_POINT('Origin',(9.5,8.3,-5.));
#4856=CARTESIAN_POINT('',(9.5,8.3,-5.));
#4857=CARTESIAN_POINT('',(9.5,8.3,-4.7));
#4858=CARTESIAN_POINT('Origin',(10.,8.,-4.7));
#4859=CARTESIAN_POINT('Origin',(10.,8.,-5.));
#4860=CARTESIAN_POINT('Origin',(-7.5,-7.7,-5.));
#4861=CARTESIAN_POINT('',(-7.5,-7.7,-5.));
#4862=CARTESIAN_POINT('',(-8.5,-7.7,-5.));
#4863=CARTESIAN_POINT('',(-7.5,-7.7,-5.));
#4864=CARTESIAN_POINT('',(-8.5,-7.7,-4.7));
#4865=CARTESIAN_POINT('',(-8.5,-7.7,-5.));
#4866=CARTESIAN_POINT('',(-7.5,-7.7,-4.7));
#4867=CARTESIAN_POINT('',(-7.5,-7.7,-4.7));
#4868=CARTESIAN_POINT('',(-7.5,-7.7,-5.));
#4869=CARTESIAN_POINT('Origin',(-7.5,-8.3,-5.));
#4870=CARTESIAN_POINT('',(-7.5,-8.3,-5.));
#4871=CARTESIAN_POINT('',(-7.5,-8.3,-5.));
#4872=CARTESIAN_POINT('',(-7.5,-8.3,-4.7));
#4873=CARTESIAN_POINT('',(-7.5,-8.3,-4.7));
#4874=CARTESIAN_POINT('',(-7.5,-8.3,-5.));
#4875=CARTESIAN_POINT('Origin',(-8.5,-8.3,-5.));
#4876=CARTESIAN_POINT('',(-8.5,-8.3,-5.));
#4877=CARTESIAN_POINT('',(-8.5,-8.3,-5.));
#4878=CARTESIAN_POINT('',(-8.5,-8.3,-4.7));
#4879=CARTESIAN_POINT('',(-8.5,-8.3,-4.7));
#4880=CARTESIAN_POINT('',(-8.5,-8.3,-5.));
#4881=CARTESIAN_POINT('Origin',(-8.5,-7.7,-5.));
#4882=CARTESIAN_POINT('',(-8.5,-7.7,-5.));
#4883=CARTESIAN_POINT('',(-8.5,-7.7,-4.7));
#4884=CARTESIAN_POINT('Origin',(-8.,-8.,-4.7));
#4885=CARTESIAN_POINT('Origin',(-8.,-8.,-5.));
#4886=CARTESIAN_POINT('Origin',(12.5,-2.7,-5.));
#4887=CARTESIAN_POINT('',(12.5,-2.7,-5.));
#4888=CARTESIAN_POINT('',(11.5,-2.7,-5.));
#4889=CARTESIAN_POINT('',(12.5,-2.7,-5.));
#4890=CARTESIAN_POINT('',(11.5,-2.7,-4.7));
#4891=CARTESIAN_POINT('',(11.5,-2.7,-5.));
#4892=CARTESIAN_POINT('',(12.5,-2.7,-4.7));
#4893=CARTESIAN_POINT('',(12.5,-2.7,-4.7));
#4894=CARTESIAN_POINT('',(12.5,-2.7,-5.));
#4895=CARTESIAN_POINT('Origin',(12.5,-3.3,-5.));
#4896=CARTESIAN_POINT('',(12.5,-3.3,-5.));
#4897=CARTESIAN_POINT('',(12.5,-3.3,-5.));
#4898=CARTESIAN_POINT('',(12.5,-3.3,-4.7));
#4899=CARTESIAN_POINT('',(12.5,-3.3,-4.7));
#4900=CARTESIAN_POINT('',(12.5,-3.3,-5.));
#4901=CARTESIAN_POINT('Origin',(11.5,-3.3,-5.));
#4902=CARTESIAN_POINT('',(11.5,-3.3,-5.));
#4903=CARTESIAN_POINT('',(11.5,-3.3,-5.));
#4904=CARTESIAN_POINT('',(11.5,-3.3,-4.7));
#4905=CARTESIAN_POINT('',(11.5,-3.3,-4.7));
#4906=CARTESIAN_POINT('',(11.5,-3.3,-5.));
#4907=CARTESIAN_POINT('Origin',(11.5,-2.7,-5.));
#4908=CARTESIAN_POINT('',(11.5,-2.7,-5.));
#4909=CARTESIAN_POINT('',(11.5,-2.7,-4.7));
#4910=CARTESIAN_POINT('Origin',(12.,-3.,-4.7));
#4911=CARTESIAN_POINT('Origin',(12.,-3.,-5.));
#4912=CARTESIAN_POINT('Origin',(-4.5,10.3,-5.));
#4913=CARTESIAN_POINT('',(-4.5,10.3,-5.));
#4914=CARTESIAN_POINT('',(-5.5,10.3,-5.));
#4915=CARTESIAN_POINT('',(-4.5,10.3,-5.));
#4916=CARTESIAN_POINT('',(-5.5,10.3,-4.7));
#4917=CARTESIAN_POINT('',(-5.5,10.3,-5.));
#4918=CARTESIAN_POINT('',(-4.5,10.3,-4.7));
#4919=CARTESIAN_POINT('',(-4.5,10.3,-4.7));
#4920=CARTESIAN_POINT('',(-4.5,10.3,-5.));
#4921=CARTESIAN_POINT('Origin',(-4.5,9.7,-5.));
#4922=CARTESIAN_POINT('',(-4.5,9.7,-5.));
#4923=CARTESIAN_POINT('',(-4.5,9.7,-5.));
#4924=CARTESIAN_POINT('',(-4.5,9.7,-4.7));
#4925=CARTESIAN_POINT('',(-4.5,9.7,-4.7));
#4926=CARTESIAN_POINT('',(-4.5,9.7,-5.));
#4927=CARTESIAN_POINT('Origin',(-5.5,9.7,-5.));
#4928=CARTESIAN_POINT('',(-5.5,9.7,-5.));
#4929=CARTESIAN_POINT('',(-5.5,9.7,-5.));
#4930=CARTESIAN_POINT('',(-5.5,9.7,-4.7));
#4931=CARTESIAN_POINT('',(-5.5,9.7,-4.7));
#4932=CARTESIAN_POINT('',(-5.5,9.7,-5.));
#4933=CARTESIAN_POINT('Origin',(-5.5,10.3,-5.));
#4934=CARTESIAN_POINT('',(-5.5,10.3,-5.));
#4935=CARTESIAN_POINT('',(-5.5,10.3,-4.7));
#4936=CARTESIAN_POINT('Origin',(-5.,10.,-4.7));
#4937=CARTESIAN_POINT('Origin',(-5.,10.,-5.));
#4938=CARTESIAN_POINT('Origin',(8.5,-9.7,-5.));
#4939=CARTESIAN_POINT('',(8.5,-9.7,-5.));
#4940=CARTESIAN_POINT('',(7.5,-9.7,-5.));
#4941=CARTESIAN_POINT('',(8.5,-9.7,-5.));
#4942=CARTESIAN_POINT('',(7.5,-9.7,-4.7));
#4943=CARTESIAN_POINT('',(7.5,-9.7,-5.));
#4944=CARTESIAN_POINT('',(8.5,-9.7,-4.7));
#4945=CARTESIAN_POINT('',(8.5,-9.7,-4.7));
#4946=CARTESIAN_POINT('',(8.5,-9.7,-5.));
#4947=CARTESIAN_POINT('Origin',(8.5,-10.3,-5.));
#4948=CARTESIAN_POINT('',(8.5,-10.3,-5.));
#4949=CARTESIAN_POINT('',(8.5,-10.3,-5.));
#4950=CARTESIAN_POINT('',(8.5,-10.3,-4.7));
#4951=CARTESIAN_POINT('',(8.5,-10.3,-4.7));
#4952=CARTESIAN_POINT('',(8.5,-10.3,-5.));
#4953=CARTESIAN_POINT('Origin',(7.5,-10.3,-5.));
#4954=CARTESIAN_POINT('',(7.5,-10.3,-5.));
#4955=CARTESIAN_POINT('',(7.5,-10.3,-5.));
#4956=CARTESIAN_POINT('',(7.5,-10.3,-4.7));
#4957=CARTESIAN_POINT('',(7.5,-10.3,-4.7));
#4958=CARTESIAN_POINT('',(7.5,-10.3,-5.));
#4959=CARTESIAN_POINT('Origin',(7.5,-9.7,-5.));
#4960=CARTESIAN_POINT('',(7.5,-9.7,-5.));
#4961=CARTESIAN_POINT('',(7.5,-9.7,-4.7));
#4962=CARTESIAN_POINT('Origin',(8.,-10.,-4.7));
#4963=CARTESIAN_POINT('Origin',(8.,-10.,-5.));
#4964=CARTESIAN_POINT('',(0.,0.,0.));
#4965=CARTESIAN_POINT('Origin',(15.5,-18.5,-1.5));
#4966=CARTESIAN_POINT('',(-15.5,-18.5,-1.5));
#4967=CARTESIAN_POINT('',(15.5,-18.5,-1.5));
#4968=CARTESIAN_POINT('',(-15.5,-18.5,-1.5));
#4969=CARTESIAN_POINT('',(-15.5,-18.5,-2.7));
#4970=CARTESIAN_POINT('',(-15.5,-18.5,-1.5));
#4971=CARTESIAN_POINT('',(15.5,-18.5,-2.7));
#4972=CARTESIAN_POINT('',(-15.5,-18.5,-2.7));
#4973=CARTESIAN_POINT('',(15.5,-18.5,-1.5));
#4974=CARTESIAN_POINT('Origin',(15.5,18.5,-1.5));
#4975=CARTESIAN_POINT('',(15.5,18.5,-1.5));
#4976=CARTESIAN_POINT('',(15.5,-18.5,-1.5));
#4977=CARTESIAN_POINT('',(15.5,18.5,-2.7));
#4978=CARTESIAN_POINT('',(15.5,-18.5,-2.7));
#4979=CARTESIAN_POINT('',(15.5,18.5,-1.5));
#4980=CARTESIAN_POINT('Origin',(-15.5,18.5,-1.5));
#4981=CARTESIAN_POINT('',(-15.5,18.5,-1.5));
#4982=CARTESIAN_POINT('',(15.5,18.5,-1.5));
#4983=CARTESIAN_POINT('',(-15.5,18.5,-2.7));
#4984=CARTESIAN_POINT('',(15.5,18.5,-2.7));
#4985=CARTESIAN_POINT('',(-15.5,18.5,-1.5));
#4986=CARTESIAN_POINT('Origin',(-15.5,-18.5,-1.5));
#4987=CARTESIAN_POINT('',(-15.5,18.5,-1.5));
#4988=CARTESIAN_POINT('',(-15.5,18.5,-2.7));
#4989=CARTESIAN_POINT('Origin',(0.,0.,-1.5));
#4990=CARTESIAN_POINT('Origin',(0.,0.,-2.7));
#4991=CARTESIAN_POINT('Origin',(13.8,13.8,-1.5));
#4992=CARTESIAN_POINT('',(13.8,13.8,-1.5));
#4993=CARTESIAN_POINT('',(-13.8,13.8,-1.5));
#4994=CARTESIAN_POINT('',(13.8,13.8,-1.5));
#4995=CARTESIAN_POINT('',(-13.8,13.8,-1.35));
#4996=CARTESIAN_POINT('',(-13.8,13.8,-1.5));
#4997=CARTESIAN_POINT('',(13.8,13.8,-1.35));
#4998=CARTESIAN_POINT('',(13.8,13.8,-1.35));
#4999=CARTESIAN_POINT('',(13.8,13.8,-1.5));
#5000=CARTESIAN_POINT('Origin',(13.8,-13.8,-1.5));
#5001=CARTESIAN_POINT('',(13.8,-13.8,-1.5));
#5002=CARTESIAN_POINT('',(13.8,-13.8,-1.5));
#5003=CARTESIAN_POINT('',(13.8,-13.8,-1.35));
#5004=CARTESIAN_POINT('',(13.8,-13.8,-1.35));
#5005=CARTESIAN_POINT('',(13.8,-13.8,-1.5));
#5006=CARTESIAN_POINT('Origin',(-13.8,-13.8,-1.5));
#5007=CARTESIAN_POINT('',(-13.8,-13.8,-1.5));
#5008=CARTESIAN_POINT('',(-13.8,-13.8,-1.5));
#5009=CARTESIAN_POINT('',(-13.8,-13.8,-1.35));
#5010=CARTESIAN_POINT('',(-13.8,-13.8,-1.35));
#5011=CARTESIAN_POINT('',(-13.8,-13.8,-1.5));
#5012=CARTESIAN_POINT('Origin',(-13.8,13.8,-1.5));
#5013=CARTESIAN_POINT('',(-13.8,13.8,-1.5));
#5014=CARTESIAN_POINT('',(-13.8,13.8,-1.35));
#5015=CARTESIAN_POINT('Origin',(0.,0.,-1.35));
#5016=CARTESIAN_POINT('Origin',(0.,0.,-1.5));
#5017=CARTESIAN_POINT('',(0.,0.,0.));
#5018=CARTESIAN_POINT('Origin',(11.,-10.,-5.2));
#5019=CARTESIAN_POINT('',(-11.,-10.,-5.2));
#5020=CARTESIAN_POINT('',(11.,-10.,-5.2));
#5021=CARTESIAN_POINT('',(-11.,-10.,-5.2));
#5022=CARTESIAN_POINT('',(-11.,-10.,-8.7));
#5023=CARTESIAN_POINT('',(-11.,-10.,-5.2));
#5024=CARTESIAN_POINT('',(11.,-10.,-8.7));
#5025=CARTESIAN_POINT('',(-11.,-10.,-8.7));
#5026=CARTESIAN_POINT('',(11.,-10.,-5.2));
#5027=CARTESIAN_POINT('Origin',(11.,-6.,-5.2));
#5028=CARTESIAN_POINT('',(15.,-6.,-5.2));
#5029=CARTESIAN_POINT('Origin',(11.,-6.,-5.2));
#5030=CARTESIAN_POINT('',(15.,-6.,-8.7));
#5031=CARTESIAN_POINT('Origin',(11.,-6.,-8.7));
#5032=CARTESIAN_POINT('',(15.,-6.,-5.2));
#5033=CARTESIAN_POINT('Origin',(15.,6.,-5.2));
#5034=CARTESIAN_POINT('',(15.,6.,-5.2));
#5035=CARTESIAN_POINT('',(15.,-6.,-5.2));
#5036=CARTESIAN_POINT('',(15.,6.,-8.7));
#5037=CARTESIAN_POINT('',(15.,-6.,-8.7));
#5038=CARTESIAN_POINT('',(15.,6.,-5.2));
#5039=CARTESIAN_POINT('Origin',(11.,6.,-5.2));
#5040=CARTESIAN_POINT('',(11.,10.,-5.2));
#5041=CARTESIAN_POINT('Origin',(11.,6.,-5.2));
#5042=CARTESIAN_POINT('',(11.,10.,-8.7));
#5043=CARTESIAN_POINT('Origin',(11.,6.,-8.7));
#5044=CARTESIAN_POINT('',(11.,10.,-5.2));
#5045=CARTESIAN_POINT('Origin',(-11.,10.,-5.2));
#5046=CARTESIAN_POINT('',(-11.,10.,-5.2));
#5047=CARTESIAN_POINT('',(11.,10.,-5.2));
#5048=CARTESIAN_POINT('',(-11.,10.,-8.7));
#5049=CARTESIAN_POINT('',(11.,10.,-8.7));
#5050=CARTESIAN_POINT('',(-11.,10.,-5.2));
#5051=CARTESIAN_POINT('Origin',(-11.,6.,-5.2));
#5052=CARTESIAN_POINT('',(-15.,6.,-5.2));
#5053=CARTESIAN_POINT('Origin',(-11.,6.,-5.2));
#5054=CARTESIAN_POINT('',(-15.,6.,-8.7));
#5055=CARTESIAN_POINT('Origin',(-11.,6.,-8.7));
#5056=CARTESIAN_POINT('',(-15.,6.,-5.2));
#5057=CARTESIAN_POINT('Origin',(-15.,-6.,-5.2));
#5058=CARTESIAN_POINT('',(-15.,-6.,-5.2));
#5059=CARTESIAN_POINT('',(-15.,6.,-5.2));
#5060=CARTESIAN_POINT('',(-15.,-6.,-8.7));
#5061=CARTESIAN_POINT('',(-15.,6.,-8.7));
#5062=CARTESIAN_POINT('',(-15.,-6.,-5.2));
#5063=CARTESIAN_POINT('Origin',(-11.,-6.,-5.2));
#5064=CARTESIAN_POINT('Origin',(-11.,-6.,-5.2));
#5065=CARTESIAN_POINT('Origin',(-11.,-6.,-8.7));
#5066=CARTESIAN_POINT('Origin',(0.,0.,-5.2));
#5067=CARTESIAN_POINT('Origin',(0.,0.,-8.7));
#5068=CARTESIAN_POINT('',(0.,0.,0.));
#5069=CARTESIAN_POINT('Origin',(-6.,-2.,-3.1));
#5070=CARTESIAN_POINT('',(-11.,-2.,-5.8));
#5071=CARTESIAN_POINT('Origin',(-6.,-2.,-5.8));
#5072=CARTESIAN_POINT('',(-11.,-2.,-3.1));
#5073=CARTESIAN_POINT('',(-11.,-2.,-3.1));
#5074=CARTESIAN_POINT('Origin',(-6.,-2.,-3.1));
#5075=CARTESIAN_POINT('Origin',(-6.,-2.,-3.1));
#5076=CARTESIAN_POINT('Origin',(-6.,-2.,-5.8));
#5077=CARTESIAN_POINT('',(0.,0.,0.));
#5078=CARTESIAN_POINT('Origin',(-11.,-18.75,-5.25));
#5079=CARTESIAN_POINT('',(-12.3,-18.75,-7.25));
#5080=CARTESIAN_POINT('Origin',(-11.,-18.75,-7.25));
#5081=CARTESIAN_POINT('',(-12.3,-18.75,-5.25));
#5082=CARTESIAN_POINT('',(-12.3,-18.75,-5.25));
#5083=CARTESIAN_POINT('Origin',(-11.,-18.75,-5.25));
#5084=CARTESIAN_POINT('Origin',(-11.,-18.75,-5.25));
#5085=CARTESIAN_POINT('Origin',(-11.,-18.75,-7.25));
#5086=CARTESIAN_POINT('Origin',(0.,-18.75,-5.25));
#5087=CARTESIAN_POINT('',(-1.3,-18.75,-7.25));
#5088=CARTESIAN_POINT('Origin',(0.,-18.75,-7.25));
#5089=CARTESIAN_POINT('',(-1.3,-18.75,-5.25));
#5090=CARTESIAN_POINT('',(-1.3,-18.75,-5.25));
#5091=CARTESIAN_POINT('Origin',(0.,-18.75,-5.25));
#5092=CARTESIAN_POINT('Origin',(0.,-18.75,-5.25));
#5093=CARTESIAN_POINT('Origin',(0.,-18.75,-7.25));
#5094=CARTESIAN_POINT('Origin',(11.,-18.75,-5.25));
#5095=CARTESIAN_POINT('',(9.7,-18.75,-7.25));
#5096=CARTESIAN_POINT('Origin',(11.,-18.75,-7.25));
#5097=CARTESIAN_POINT('',(9.7,-18.75,-5.25));
#5098=CARTESIAN_POINT('',(9.7,-18.75,-5.25));
#5099=CARTESIAN_POINT('Origin',(11.,-18.75,-5.25));
#5100=CARTESIAN_POINT('Origin',(11.,-18.75,-5.25));
#5101=CARTESIAN_POINT('Origin',(11.,-18.75,-7.25));
#5102=CARTESIAN_POINT('',(0.,0.,0.));
#5103=CARTESIAN_POINT('',(0.,0.,0.));
#5104=CARTESIAN_POINT('',(0.,0.,0.));
#5105=CARTESIAN_POINT('',(0.,0.,0.));
#5106=CARTESIAN_POINT('',(0.,0.,0.));
#5107=CARTESIAN_POINT('',(0.,0.,0.));
#5108=CARTESIAN_POINT('',(0.,0.,0.));
#5109=CARTESIAN_POINT('',(0.,0.,0.));
#5110=UNCERTAINTY_MEASURE_WITH_UNIT(LENGTH_MEASURE(0.01),#5130,
'DISTANCE_ACCURACY_VALUE',
'Maximum model space distance between geometric entities at asserted c
onnectivities');
#5111=UNCERTAINTY_MEASURE_WITH_UNIT(LENGTH_MEASURE(0.01),#5130,
'DISTANCE_ACCURACY_VALUE',
'Maximum model space distance between geometric entities at asserted c
onnectivities');
#5112=UNCERTAINTY_MEASURE_WITH_UNIT(LENGTH_MEASURE(0.01),#5130,
'DISTANCE_ACCURACY_VALUE',
'Maximum model space distance between geometric entities at asserted c
onnectivities');
#5113=UNCERTAINTY_MEASURE_WITH_UNIT(LENGTH_MEASURE(0.01),#5130,
'DISTANCE_ACCURACY_VALUE',
'Maximum model space distance between geometric entities at asserted c
onnectivities');
#5114=UNCERTAINTY_MEASURE_WITH_UNIT(LENGTH_MEASURE(0.01),#5130,
'DISTANCE_ACCURACY_VALUE',
'Maximum model space distance between geometric entities at asserted c
onnectivities');
#5115=UNCERTAINTY_MEASURE_WITH_UNIT(LENGTH_MEASURE(0.01),#5130,
'DISTANCE_ACCURACY_VALUE',
'Maximum model space distance between geometric entities at asserted c
onnectivities');
#5116=UNCERTAINTY_MEASURE_WITH_UNIT(LENGTH_MEASURE(0.01),#5130,
'DISTANCE_ACCURACY_VALUE',
'Maximum model space distance between geometric entities at asserted c
onnectivities');
#5117=UNCERTAINTY_MEASURE_WITH_UNIT(LENGTH_MEASURE(0.01),#5130,
'DISTANCE_ACCURACY_VALUE',
'Maximum model space distance between geometric entities at asserted c
onnectivities');
#5118=UNCERTAINTY_MEASURE_WITH_UNIT(LENGTH_MEASURE(0.01),#5130,
'DISTANCE_ACCURACY_VALUE',
'Maximum model space distance between geometric entities at asserted c
onnectivities');
#5119=UNCERTAINTY_MEASURE_WITH_UNIT(LENGTH_MEASURE(0.01),#5130,
'DISTANCE_ACCURACY_VALUE',
'Maximum model space distance between geometric entities at asserted c
onnectivities');
#5120=(
GEOMETRIC_REPRESENTATION_CONTEXT(3)
GLOBAL_UNCERTAINTY_ASSIGNED_CONTEXT((#5110))
GLOBAL_UNIT_ASSIGNED_CONTEXT((#5130,#5132,#5133))
REPRESENTATION_CONTEXT('','3D')
);
#5121=(
GEOMETRIC_REPRESENTATION_CONTEXT(3)
GLOBAL_UNCERTAINTY_ASSIGNED_CONTEXT((#5111))
GLOBAL_UNIT_ASSIGNED_CONTEXT((#5130,#5132,#5133))
REPRESENTATION_CONTEXT('','3D')
);
#5122=(
GEOMETRIC_REPRESENTATION_CONTEXT(3)
GLOBAL_UNCERTAINTY_ASSIGNED_CONTEXT((#5112))
GLOBAL_UNIT_ASSIGNED_CONTEXT((#5130,#5132,#5133))
REPRESENTATION_CONTEXT('','3D')
);
#5123=(
GEOMETRIC_REPRESENTATION_CONTEXT(3)
GLOBAL_UNCERTAINTY_ASSIGNED_CONTEXT((#5113))
GLOBAL_UNIT_ASSIGNED_CONTEXT((#5130,#5132,#5133))
REPRESENTATION_CONTEXT('','3D')
);
#5124=(
GEOMETRIC_REPRESENTATION_CONTEXT(3)
GLOBAL_UNCERTAINTY_ASSIGNED_CONTEXT((#5114))
GLOBAL_UNIT_ASSIGNED_CONTEXT((#5130,#5132,#5133))
REPRESENTATION_CONTEXT('','3D')
);
#5125=(
GEOMETRIC_REPRESENTATION_CONTEXT(3)
GLOBAL_UNCERTAINTY_ASSIGNED_CONTEXT((#5115))
GLOBAL_UNIT_ASSIGNED_CONTEXT((#5130,#5132,#5133))
REPRESENTATION_CONTEXT('','3D')
);
#5126=(
GEOMETRIC_REPRESENTATION_CONTEXT(3)
GLOBAL_UNCERTAINTY_ASSIGNED_CONTEXT((#5116))
GLOBAL_UNIT_ASSIGNED_CONTEXT((#5130,#5132,#5133))
REPRESENTATION_CONTEXT('','3D')
);
#5127=(
GEOMETRIC_REPRESENTATION_CONTEXT(3)
GLOBAL_UNCERTAINTY_ASSIGNED_CONTEXT((#5117))
GLOBAL_UNIT_ASSIGNED_CONTEXT((#5130,#5132,#5133))
REPRESENTATION_CONTEXT('','3D')
);
#5128=(
GEOMETRIC_REPRESENTATION_CONTEXT(3)
GLOBAL_UNCERTAINTY_ASSIGNED_CONTEXT((#5118))
GLOBAL_UNIT_ASSIGNED_CONTEXT((#5130,#5132,#5133))
REPRESENTATION_CONTEXT('','3D')
);
#5129=(
GEOMETRIC_REPRESENTATION_CONTEXT(3)
GLOBAL_UNCERTAINTY_ASSIGNED_CONTEXT((#5119))
GLOBAL_UNIT_ASSIGNED_CONTEXT((#5130,#5132,#5133))
REPRESENTATION_CONTEXT('','3D')
);
#5130=(
LENGTH_UNIT()
NAMED_UNIT(*)
SI_UNIT(.MILLI.,.METRE.)
);
#5131=(
LENGTH_UNIT()
NAMED_UNIT(*)
SI_UNIT($,.METRE.)
);
#5132=(
NAMED_UNIT(*)
PLANE_ANGLE_UNIT()
SI_UNIT($,.RADIAN.)
);
#5133=(
NAMED_UNIT(*)
SI_UNIT($,.STERADIAN.)
SOLID_ANGLE_UNIT()
);
#5134=SHAPE_DEFINITION_REPRESENTATION(#5143,#5160);
#5135=SHAPE_DEFINITION_REPRESENTATION(#5144,#5161);
#5136=SHAPE_DEFINITION_REPRESENTATION(#5145,#5162);
#5137=SHAPE_DEFINITION_REPRESENTATION(#5146,#5163);
#5138=SHAPE_DEFINITION_REPRESENTATION(#5147,#5164);
#5139=SHAPE_DEFINITION_REPRESENTATION(#5148,#5165);
#5140=SHAPE_DEFINITION_REPRESENTATION(#5149,#5166);
#5141=SHAPE_DEFINITION_REPRESENTATION(#5150,#5167);
#5142=SHAPE_DEFINITION_REPRESENTATION(#5151,#5168);
#5143=PRODUCT_DEFINITION_SHAPE('',$,#5170);
#5144=PRODUCT_DEFINITION_SHAPE('',$,#5171);
#5145=PRODUCT_DEFINITION_SHAPE('',$,#5172);
#5146=PRODUCT_DEFINITION_SHAPE('',$,#5173);
#5147=PRODUCT_DEFINITION_SHAPE('',$,#5174);
#5148=PRODUCT_DEFINITION_SHAPE('',$,#5175);
#5149=PRODUCT_DEFINITION_SHAPE('',$,#5176);
#5150=PRODUCT_DEFINITION_SHAPE('',$,#5177);
#5151=PRODUCT_DEFINITION_SHAPE('',$,#5178);
#5152=PRODUCT_DEFINITION_SHAPE($,$,#35);
#5153=PRODUCT_DEFINITION_SHAPE($,$,#36);
#5154=PRODUCT_DEFINITION_SHAPE($,$,#37);
#5155=PRODUCT_DEFINITION_SHAPE($,$,#38);
#5156=PRODUCT_DEFINITION_SHAPE($,$,#39);
#5157=PRODUCT_DEFINITION_SHAPE($,$,#40);
#5158=PRODUCT_DEFINITION_SHAPE($,$,#41);
#5159=PRODUCT_DEFINITION_SHAPE($,$,#42);
#5160=SHAPE_REPRESENTATION('',(#3134,#3388,#3389,#3390,#3391,#3392,#3393,
#3394,#3395),#5120);
#5161=SHAPE_REPRESENTATION('',(#3135),#5121);
#5162=SHAPE_REPRESENTATION('',(#3225),#5122);
#5163=SHAPE_REPRESENTATION('',(#3238),#5123);
#5164=SHAPE_REPRESENTATION('',(#3251),#5124);
#5165=SHAPE_REPRESENTATION('',(#3334),#5125);
#5166=SHAPE_REPRESENTATION('',(#3347),#5126);
#5167=SHAPE_REPRESENTATION('',(#3366),#5127);
#5168=SHAPE_REPRESENTATION('',(#3372),#5128);
#5169=PRODUCT_DEFINITION_CONTEXT('part definition',#5198,'design');
#5170=PRODUCT_DEFINITION('2026-04-11-00-58-16-397','inktime_v6_cas',#5179,
#5169);
#5171=PRODUCT_DEFINITION('2026-04-11-00-58-25-501','InkTime_Case',#5180,
#5169);
#5172=PRODUCT_DEFINITION('2026-04-11-00-58-25-774','Lug_Left',#5181,#5169);
#5173=PRODUCT_DEFINITION('2026-04-11-00-58-25-861','Lug_Right',#5182,#5169);
#5174=PRODUCT_DEFINITION('2026-04-11-00-58-25-957','InkTime_PCB',#5183,
#5169);
#5175=PRODUCT_DEFINITION('2026-04-11-00-58-26-614','InkTime_EPaper',#5184,
#5169);
#5176=PRODUCT_DEFINITION('2026-04-11-00-58-26-759','InkTime_Battery',#5185,
#5169);
#5177=PRODUCT_DEFINITION('2026-04-11-00-58-26-889','InkTime_Motor',#5186,
#5169);
#5178=PRODUCT_DEFINITION('2026-04-11-00-58-26-978','InkTime_Buttons',#5187,
#5169);
#5179=PRODUCT_DEFINITION_FORMATION('',$,#5200);
#5180=PRODUCT_DEFINITION_FORMATION('',$,#5201);
#5181=PRODUCT_DEFINITION_FORMATION('',$,#5202);
#5182=PRODUCT_DEFINITION_FORMATION('',$,#5203);
#5183=PRODUCT_DEFINITION_FORMATION('',$,#5204);
#5184=PRODUCT_DEFINITION_FORMATION('',$,#5205);
#5185=PRODUCT_DEFINITION_FORMATION('',$,#5206);
#5186=PRODUCT_DEFINITION_FORMATION('',$,#5207);
#5187=PRODUCT_DEFINITION_FORMATION('',$,#5208);
#5188=PRODUCT_RELATED_PRODUCT_CATEGORY('inktime_v6_cas',
'inktime_v6_cas',(#5200));
#5189=PRODUCT_RELATED_PRODUCT_CATEGORY('InkTime_Case','InkTime_Case',(#5201));
#5190=PRODUCT_RELATED_PRODUCT_CATEGORY('Lug_Left','Lug_Left',(#5202));
#5191=PRODUCT_RELATED_PRODUCT_CATEGORY('Lug_Right','Lug_Right',(#5203));
#5192=PRODUCT_RELATED_PRODUCT_CATEGORY('InkTime_PCB','InkTime_PCB',(#5204));
#5193=PRODUCT_RELATED_PRODUCT_CATEGORY('InkTime_EPaper',
'InkTime_EPaper',(#5205));
#5194=PRODUCT_RELATED_PRODUCT_CATEGORY('InkTime_Battery',
'InkTime_Battery',(#5206));
#5195=PRODUCT_RELATED_PRODUCT_CATEGORY('InkTime_Motor','InkTime_Motor',
(#5207));
#5196=PRODUCT_RELATED_PRODUCT_CATEGORY('InkTime_Buttons',
'InkTime_Buttons',(#5208));
#5197=APPLICATION_PROTOCOL_DEFINITION('international standard',
'automotive_design',2009,#5198);
#5198=APPLICATION_CONTEXT(
'Core Data for Automotive Mechanical Design Process');
#5199=PRODUCT_CONTEXT('part definition',#5198,'mechanical');
#5200=PRODUCT('2026-04-11-00-58-16-397','inktime_v6_cas',$,(#5199));
#5201=PRODUCT('2026-04-11-00-58-25-501','InkTime_Case',$,(#5199));
#5202=PRODUCT('2026-04-11-00-58-25-774','Lug_Left',$,(#5199));
#5203=PRODUCT('2026-04-11-00-58-25-861','Lug_Right',$,(#5199));
#5204=PRODUCT('2026-04-11-00-58-25-957','InkTime_PCB',$,(#5199));
#5205=PRODUCT('2026-04-11-00-58-26-614','InkTime_EPaper',$,(#5199));
#5206=PRODUCT('2026-04-11-00-58-26-759','InkTime_Battery',$,(#5199));
#5207=PRODUCT('2026-04-11-00-58-26-889','InkTime_Motor',$,(#5199));
#5208=PRODUCT('2026-04-11-00-58-26-978','InkTime_Buttons',$,(#5199));
#5209=PRESENTATION_STYLE_ASSIGNMENT((#5219));
#5210=PRESENTATION_STYLE_ASSIGNMENT((#5220));
#5211=PRESENTATION_STYLE_ASSIGNMENT((#5221));
#5212=PRESENTATION_STYLE_ASSIGNMENT((#5222));
#5213=PRESENTATION_STYLE_ASSIGNMENT((#5223));
#5214=PRESENTATION_STYLE_ASSIGNMENT((#5224));
#5215=PRESENTATION_STYLE_ASSIGNMENT((#5225));
#5216=PRESENTATION_STYLE_ASSIGNMENT((#5226));
#5217=PRESENTATION_STYLE_ASSIGNMENT((#5227));
#5218=PRESENTATION_STYLE_ASSIGNMENT((#5228));
#5219=SURFACE_STYLE_USAGE(.BOTH.,#5229);
#5220=SURFACE_STYLE_USAGE(.BOTH.,#5230);
#5221=SURFACE_STYLE_USAGE(.BOTH.,#5231);
#5222=SURFACE_STYLE_USAGE(.BOTH.,#5232);
#5223=SURFACE_STYLE_USAGE(.BOTH.,#5233);
#5224=SURFACE_STYLE_USAGE(.BOTH.,#5234);
#5225=SURFACE_STYLE_USAGE(.BOTH.,#5235);
#5226=SURFACE_STYLE_USAGE(.BOTH.,#5236);
#5227=SURFACE_STYLE_USAGE(.BOTH.,#5237);
#5228=SURFACE_STYLE_USAGE(.BOTH.,#5238);
#5229=SURFACE_SIDE_STYLE('',(#5239));
#5230=SURFACE_SIDE_STYLE('',(#5240));
#5231=SURFACE_SIDE_STYLE('',(#5241));
#5232=SURFACE_SIDE_STYLE('',(#5242));
#5233=SURFACE_SIDE_STYLE('',(#5243));
#5234=SURFACE_SIDE_STYLE('',(#5244));
#5235=SURFACE_SIDE_STYLE('',(#5245));
#5236=SURFACE_SIDE_STYLE('',(#5246));
#5237=SURFACE_SIDE_STYLE('',(#5247));
#5238=SURFACE_SIDE_STYLE('',(#5248));
#5239=SURFACE_STYLE_FILL_AREA(#5249);
#5240=SURFACE_STYLE_FILL_AREA(#5250);
#5241=SURFACE_STYLE_FILL_AREA(#5251);
#5242=SURFACE_STYLE_FILL_AREA(#5252);
#5243=SURFACE_STYLE_FILL_AREA(#5253);
#5244=SURFACE_STYLE_FILL_AREA(#5254);
#5245=SURFACE_STYLE_FILL_AREA(#5255);
#5246=SURFACE_STYLE_FILL_AREA(#5256);
#5247=SURFACE_STYLE_FILL_AREA(#5257);
#5248=SURFACE_STYLE_FILL_AREA(#5258);
#5249=FILL_AREA_STYLE('Steel - Satin',(#5259));
#5250=FILL_AREA_STYLE('Case_Black',(#5260));
#5251=FILL_AREA_STYLE('Lug_Silver',(#5261));
#5252=FILL_AREA_STYLE('PCB_Green',(#5262));
#5253=FILL_AREA_STYLE('IC_Black',(#5263));
#5254=FILL_AREA_STYLE('EPD_Dark',(#5264));
#5255=FILL_AREA_STYLE('Screen_White',(#5265));
#5256=FILL_AREA_STYLE('Batt_Silver',(#5266));
#5257=FILL_AREA_STYLE('Motor_Zinc',(#5267));
#5258=FILL_AREA_STYLE('Btn_Gray',(#5268));
#5259=FILL_AREA_STYLE_COLOUR('Steel - Satin',#5269);
#5260=FILL_AREA_STYLE_COLOUR('Case_Black',#5270);
#5261=FILL_AREA_STYLE_COLOUR('Lug_Silver',#5271);
#5262=FILL_AREA_STYLE_COLOUR('PCB_Green',#5272);
#5263=FILL_AREA_STYLE_COLOUR('IC_Black',#5273);
#5264=FILL_AREA_STYLE_COLOUR('EPD_Dark',#5274);
#5265=FILL_AREA_STYLE_COLOUR('Screen_White',#5275);
#5266=FILL_AREA_STYLE_COLOUR('Batt_Silver',#5276);
#5267=FILL_AREA_STYLE_COLOUR('Motor_Zinc',#5277);
#5268=FILL_AREA_STYLE_COLOUR('Btn_Gray',#5278);
#5269=COLOUR_RGB('Steel - Satin',0.627450980392157,0.627450980392157,0.627450980392157);
#5270=COLOUR_RGB('Case_Black',0.156862745098039,0.156862745098039,0.156862745098039);
#5271=COLOUR_RGB('Lug_Silver',0.705882352941177,0.705882352941177,0.725490196078431);
#5272=COLOUR_RGB('PCB_Green',0.,0.392156862745098,0.196078431372549);
#5273=COLOUR_RGB('IC_Black',0.0980392156862745,0.0980392156862745,0.0980392156862745);
#5274=COLOUR_RGB('EPD_Dark',0.0784313725490196,0.196078431372549,0.117647058823529);
#5275=COLOUR_RGB('Screen_White',0.96078431372549,0.96078431372549,0.941176470588235);
#5276=COLOUR_RGB('Batt_Silver',0.745098039215686,0.764705882352941,0.784313725490196);
#5277=COLOUR_RGB('Motor_Zinc',0.666666666666667,0.666666666666667,0.686274509803922);
#5278=COLOUR_RGB('Btn_Gray',0.509803921568627,0.509803921568627,0.529411764705882);
ENDSEC;
END-ISO-10303-21;
